ref_name,qry_name,ensemble_over,vpr_methods,recon_methods,time_strs,seqLen,recall@1
R0_FA0,R0_FS0,vpr,"mixvpr,megaloc,cosplace,netvlad",timeSurface,1.0,10,0.7296703296703296
R0_FA0,R0_FS0,vpr,"mixvpr,megaloc,cosplace,netvlad",eventCount_noPolarity,0.5,10,0.5967032967032967
R0_FA0,R0_FS0,recon,megaloc,"e2vid,eventCount,eventCount_noPolarity,timeSurface",0.1,10,0.6934065934065934
R0_FA0,R0_FS0,vpr,"mixvpr,megaloc,cosplace,netvlad",eventCount_noPolarity,1.0,10,0.5439560439560439
R0_FA0,R0_FS0,recon,mixvpr,"e2vid,eventCount,eventCount_noPolarity,timeSurface",0.1,10,0.6593406593406593
R0_FA0,R0_FS0,time,mixvpr,timeSurface,"0.1,0.25,0.5,1.0",10,0.6472527472527473
R0_FA0,R0_FS0,recon,megaloc,"e2vid,eventCount,eventCount_noPolarity,timeSurface",0.25,10,0.7153846153846154
R0_FA0,R0_FS0,recon,mixvpr,"e2vid,eventCount,eventCount_noPolarity,timeSurface",0.25,10,0.676923076923077
R0_FA0,R0_FS0,patch,mixvpr,e2vid,0.5,10,0.6934065934065934
R0_FA0,R0_FS0,time,cosplace,e2vid,"0.1,0.25,0.5,1.0",10,0.6923076923076923
R0_FA0,R0_FS0,recon,megaloc,"e2vid,eventCount,eventCount_noPolarity,timeSurface",0.5,10,0.7076923076923077
R0_FA0,R0_FS0,time,megaloc,e2vid,"0.1,0.25,0.5,1.0",10,0.7
R0_FA0,R0_FS0,recon,mixvpr,"e2vid,eventCount,eventCount_noPolarity,timeSurface",0.5,10,0.6472527472527473
R0_FA0,R0_FS0,recon,megaloc,"e2vid,eventCount,eventCount_noPolarity,timeSurface",1.0,10,0.689010989010989
R0_FA0,R0_FS0,time,cosplace,eventCount,"0.1,0.25,0.5,1.0",10,0.6120879120879121
R0_FA0,R0_FS0,patch,mixvpr,e2vid,1.0,10,0.6989010989010989
R0_FA0,R0_FS0,patch,mixvpr,eventCount,1.0,10,0.6252747252747253
R0_FA0,R0_FS0,recon,mixvpr,"e2vid,eventCount,eventCount_noPolarity,timeSurface",1.0,10,0.6681318681318681
R0_FA0,R0_FS0,time,megaloc,eventCount,"0.1,0.25,0.5,1.0",10,0.6780219780219781
R0_FA0,R0_FS0,time,cosplace,eventCount_noPolarity,"0.1,0.25,0.5,1.0",10,0.5516483516483517
R0_FA0,R0_FS0,recon,cosplace,"e2vid,eventCount,eventCount_noPolarity,timeSurface",0.1,10,0.6857142857142857
R0_FA0,R0_FS0,patch,mixvpr,eventCount,0.1,10,0.676923076923077
R0_FA0,R0_FS0,patch,mixvpr,eventCount_noPolarity,0.1,10,0.6450549450549451
R0_FA0,R0_FS0,time,megaloc,eventCount_noPolarity,"0.1,0.25,0.5,1.0",10,0.6747252747252748
R0_FA0,R0_FS0,time,cosplace,timeSurface,"0.1,0.25,0.5,1.0",10,0.6692307692307692
R0_FA0,R0_FS0,patch,mixvpr,timeSurface,0.1,10,0.6846153846153846
R0_FA0,R0_FS0,patch,megaloc,eventCount,0.5,10,0.6153846153846154
R0_FA0,R0_FS0,patch,megaloc,e2vid,0.25,10,0.7043956043956044
R0_FA0,R0_FS0,patch,mixvpr,eventCount,0.25,10,0.6681318681318681
R0_FA0,R0_FS0,patch,megaloc,eventCount_noPolarity,1.0,10,0.5505494505494506
R0_FA0,R0_FS0,patch,cosplace,eventCount_noPolarity,0.5,10,0.4989010989010989
R0_FA0,R0_FS0,vpr,"mixvpr,megaloc,cosplace,netvlad",timeSurface,0.1,10,0.7021978021978021
R0_FA0,R0_FS0,patch,mixvpr,eventCount_noPolarity,0.25,10,0.6021978021978022
R0_FA0,R0_FS0,time,netvlad,e2vid,"0.1,0.25,0.5,1.0",10,0.6824175824175824
R0_FA0,R0_FS0,time,megaloc,timeSurface,"0.1,0.25,0.5,1.0",10,0.7329670329670329
R0_FA0,R0_FS0,patch,mixvpr,timeSurface,0.25,10,0.6945054945054945
R0_FA0,R0_FS0,patch,megaloc,eventCount,1.0,10,0.589010989010989
R0_FA0,R0_FS0,patch,cosplace,timeSurface,1.0,10,0.6824175824175824
R0_FA0,R0_FS0,patch,megaloc,e2vid,0.5,10,0.6846153846153846
R0_FA0,R0_FS0,patch,mixvpr,eventCount,0.5,10,0.6296703296703297
R0_FA0,R0_FS0,patch,cosplace,eventCount_noPolarity,1.0,10,0.5340659340659341
R0_FA0,R0_FS0,vpr,"mixvpr,megaloc,cosplace,netvlad",timeSurface,0.25,10,0.7021978021978021
R0_FA0,R0_FS0,vpr,"mixvpr,megaloc,cosplace,netvlad",eventCount,0.25,10,0.6901098901098901
R0_FA0,R0_FS0,patch,megaloc,timeSurface,0.1,10,0.6934065934065934
R0_FA0,R0_FS0,patch,mixvpr,eventCount_noPolarity,0.5,10,0.5098901098901099
R0_FA0,R0_FN0,vpr,"mixvpr,megaloc,cosplace,netvlad",e2vid,1.0,10,0.21372328458942633
R0_FA0,R0_FS0,vpr,"mixvpr,megaloc,cosplace,netvlad",e2vid,0.1,10,0.6956043956043956
R0_FA0,R0_FS0,patch,mixvpr,timeSurface,0.5,10,0.676923076923077
R0_FA0,R0_FS0,vpr,"mixvpr,megaloc,cosplace,netvlad",timeSurface,0.5,10,0.7076923076923077
R0_FA0,R0_FS0,patch,megaloc,e2vid,1.0,10,0.6857142857142857
R0_FA0,R0_FS0,patch,netvlad,timeSurface,0.5,10,0.7065934065934066
R0_FA0,R0_FS0,patch,netvlad,eventCount_noPolarity,0.25,10,0.6516483516483517
R0_FA0,R0_FN0,recon,mixvpr,"e2vid,eventCount,eventCount_noPolarity,timeSurface",0.5,10,0.32845894263217096
R0_FA0,R0_FS0,patch,megaloc,eventCount_noPolarity,0.1,10,0.6912087912087912
R0_FA0,R0_FN0,recon,megaloc,"e2vid,eventCount,eventCount_noPolarity,timeSurface",1.0,10,0.2980877390326209
R0_FA0,R0_FS0,patch,cosplace,timeSurface,0.1,10,0.6626373626373626
R0_FA0,R0_FS0,patch,mixvpr,eventCount_noPolarity,1.0,10,0.48131868131868133
R0_FA0,R0_FS0,patch,megaloc,timeSurface,0.25,10,0.7142857142857143
R0_FA0,R0_FN0,vpr,"mixvpr,megaloc,cosplace,netvlad",eventCount,0.1,10,0.4184476940382452
R0_FA0,R0_FS0,vpr,"mixvpr,megaloc,cosplace,netvlad",eventCount,0.5,10,0.6582417582417582
R0_FA0,R0_FS0,vpr,"mixvpr,megaloc,cosplace,netvlad",e2vid,0.25,10,0.7142857142857143
R0_FA0,R0_FS0,patch,netvlad,eventCount,0.1,10,0.6857142857142857
R0_FA0,R0_FN0,vpr,"mixvpr,megaloc,cosplace,netvlad",eventCount_noPolarity,0.1,10,0.34758155230596177
R0_FA0,R0_FS0,patch,mixvpr,timeSurface,1.0,10,0.7120879120879121
R0_FA0,R0_FN0,recon,mixvpr,"e2vid,eventCount,eventCount_noPolarity,timeSurface",1.0,10,0.27896512935883017
R0_FA0,R0_FS0,patch,netvlad,timeSurface,1.0,10,0.710989010989011
R0_FA0,R0_FN0,recon,cosplace,"e2vid,eventCount,eventCount_noPolarity,timeSurface",0.1,10,0.27334083239595053
R0_FA0,R0_FS0,patch,netvlad,eventCount_noPolarity,0.5,10,0.5912087912087912
R0_FA0,R0_FN0,vpr,"mixvpr,megaloc,cosplace,netvlad",eventCount,0.25,10,0.31833520809898763
R0_FA0,R0_FS0,patch,megaloc,eventCount_noPolarity,0.25,10,0.6285714285714286
R0_FA0,R0_FS0,vpr,"mixvpr,megaloc,cosplace,netvlad",eventCount,1.0,10,0.5945054945054945
R0_FA0,R0_FS0,patch,cosplace,timeSurface,0.25,10,0.6362637362637362
R0_FA0,R0_FS0,patch,megaloc,timeSurface,0.5,10,0.6846153846153846
R0_FA0,R0_FS0,vpr,"mixvpr,megaloc,cosplace,netvlad",e2vid,0.5,10,0.7098901098901099
R0_FA0,R0_FN0,vpr,"mixvpr,megaloc,cosplace,netvlad",eventCount_noPolarity,0.25,10,0.32845894263217096
R0_FA0,R0_FS0,patch,megaloc,eventCount,0.1,10,0.7142857142857143
R0_FA0,R0_FN0,recon,netvlad,"e2vid,eventCount,eventCount_noPolarity,timeSurface",0.1,10,0.21372328458942633
R0_FA0,R0_FS0,patch,netvlad,eventCount,0.25,10,0.6747252747252748
R0_FA0,R0_FN0,recon,megaloc,"e2vid,eventCount,eventCount_noPolarity,timeSurface",0.1,10,0.4420697412823397
R0_FA0,R0_FN0,recon,cosplace,"e2vid,eventCount,eventCount_noPolarity,timeSurface",0.25,10,0.2440944881889764
R0_FA0,R0_FS0,patch,netvlad,e2vid,0.1,10,0.6747252747252748
R0_FA0,R0_FN0,vpr,"mixvpr,megaloc,cosplace,netvlad",e2vid,0.1,10,0.31496062992125984
R0_FA0,R0_FN0,time,megaloc,eventCount_noPolarity,"0.1,0.25,0.5,1.0",10,0.35883014623172105
R0_FA0,R0_FN0,time,cosplace,timeSurface,"0.1,0.25,0.5,1.0",10,0.17097862767154107
R0_FA0,R0_FN0,vpr,"mixvpr,megaloc,cosplace,netvlad",eventCount,0.5,10,0.2688413948256468
R0_FA0,R0_FS0,patch,netvlad,eventCount_noPolarity,1.0,10,0.5208791208791209
R0_FA0,R0_FN0,vpr,"mixvpr,megaloc,cosplace,netvlad",eventCount_noPolarity,0.5,10,0.2677165354330709
R0_FA0,R0_FS0,vpr,"mixvpr,megaloc,cosplace,netvlad",e2vid,1.0,10,0.7153846153846154
R0_FA0,R0_FS0,patch,megaloc,eventCount_noPolarity,0.5,10,0.5978021978021978
R0_FA0,R0_FS0,patch,cosplace,timeSurface,0.5,10,0.654945054945055
R0_FA0,R0_FS0,patch,megaloc,e2vid,0.1,10,0.6945054945054945
R0_FA0,R0_FN0,recon,netvlad,"e2vid,eventCount,eventCount_noPolarity,timeSurface",0.25,10,0.2677165354330709
R0_FA0,R0_FS0,patch,megaloc,timeSurface,1.0,10,0.7230769230769231
R0_FA0,R0_FN0,time,mixvpr,eventCount,"0.1,0.25,0.5,1.0",10,0.2857142857142857
R0_FA0,R0_FN0,recon,cosplace,"e2vid,eventCount,eventCount_noPolarity,timeSurface",0.5,10,0.20697412823397077
R0_FA0,R0_FS0,patch,megaloc,eventCount,0.25,10,0.6879120879120879
R0_FA0,R0_FS0,time,netvlad,eventCount,"0.1,0.25,0.5,1.0",10,0.6296703296703297
R0_FA0,R0_FN0,recon,megaloc,"e2vid,eventCount,eventCount_noPolarity,timeSurface",0.25,10,0.43532058492688414
R0_FA0,R0_FS0,patch,netvlad,eventCount,0.5,10,0.6307692307692307
R0_FA0,R0_FS0,recon,cosplace,"e2vid,eventCount,eventCount_noPolarity,timeSurface",0.25,10,0.6857142857142857
R0_FA0,R0_FN0,vpr,"mixvpr,megaloc,cosplace,netvlad",e2vid,0.25,10,0.3363329583802025
R0_FA0,R0_FS0,recon,netvlad,"e2vid,eventCount,eventCount_noPolarity,timeSurface",0.5,10,0.6494505494505495
R0_FA0,R0_FN0,vpr,"mixvpr,megaloc,cosplace,netvlad",eventCount,1.0,10,0.2688413948256468
R0_FA0,R0_FN0,time,netvlad,e2vid,"0.1,0.25,0.5,1.0",10,0.14960629921259844
R0_FA0,R0_FN0,vpr,"mixvpr,megaloc,cosplace,netvlad",eventCount_noPolarity,1.0,10,0.19572553430821146
R0_FA0,R0_FS0,vpr,"mixvpr,megaloc,cosplace,netvlad",eventCount_noPolarity,0.1,10,0.6813186813186813
R0_FA0,R0_FN0,patch,mixvpr,timeSurface,1.0,10,0.3464566929133858
R0_FA0,R0_FN0,time,megaloc,timeSurface,"0.1,0.25,0.5,1.0",10,0.3014623172103487
R0_FA0,R0_FS0,patch,netvlad,e2vid,0.25,10,0.6714285714285714
R0_FA0,R0_FN0,recon,netvlad,"e2vid,eventCount,eventCount_noPolarity,timeSurface",0.5,10,0.21934758155230596
R0_FA0,R0_FN0,patch,mixvpr,eventCount_noPolarity,0.5,10,0.24859392575928008
R0_FA0,R0_FN0,recon,cosplace,"e2vid,eventCount,eventCount_noPolarity,timeSurface",1.0,10,0.2170978627671541
R0_FA0,R0_FS0,patch,netvlad,timeSurface,0.1,10,0.7186813186813187
R0_FA0,R0_FN0,recon,megaloc,"e2vid,eventCount,eventCount_noPolarity,timeSurface",0.5,10,0.37232845894263217
R0_FA0,R0_FN0,vpr,"mixvpr,megaloc,cosplace,netvlad",e2vid,0.5,10,0.29358830146231724
R0_FA0,R0_FN0,time,mixvpr,eventCount_noPolarity,"0.1,0.25,0.5,1.0",10,0.281214848143982
R0_FA0,R0_FS0,patch,netvlad,eventCount,1.0,10,0.5769230769230769
R0_FA0,R0_FN0,patch,megaloc,eventCount,0.1,10,0.42407199100112486
R0_FA0,R0_FN0,patch,cosplace,e2vid,1.0,10,0.15523059617547807
R0_FA0,R0_FN0,patch,megaloc,timeSurface,0.5,10,0.3194600674915636
R0_FA0,R0_FN0,patch,megaloc,eventCount_noPolarity,0.25,10,0.3329583802024747
R0_FA0,R0_FN0,time,netvlad,eventCount,"0.1,0.25,0.5,1.0",10,0.1856017997750281
R0_FA0,R0_FN0,recon,netvlad,"e2vid,eventCount,eventCount_noPolarity,timeSurface",1.0,10,0.1327334083239595
R0_FA0,R0_FS0,vpr,"mixvpr,megaloc,cosplace,netvlad",eventCount_noPolarity,0.25,10,0.6681318681318681
R0_FA0,R0_FN0,patch,cosplace,eventCount_noPolarity,0.1,10,0.2092238470191226
R0_FA0,R0_FN0,time,cosplace,e2vid,"0.1,0.25,0.5,1.0",10,0.2373453318335208
R0_FA0,R0_FN0,vpr,"mixvpr,megaloc,cosplace,netvlad",timeSurface,0.1,10,0.3498312710911136
R0_FA0,R0_FS0,recon,netvlad,"e2vid,eventCount,eventCount_noPolarity,timeSurface",1.0,10,0.6527472527472528
R0_FA0,R0_FS0,time,netvlad,eventCount_noPolarity,"0.1,0.25,0.5,1.0",10,0.5681318681318681
R0_FA0,R0_FS0,patch,netvlad,e2vid,0.5,10,0.6736263736263737
R0_FA0,R0_FN0,patch,netvlad,e2vid,0.5,10,0.18672665916760406
R0_FA0,R0_FN0,patch,mixvpr,eventCount_noPolarity,1.0,10,0.1844769403824522
R0_FA0,R0_FN0,patch,cosplace,timeSurface,0.25,10,0.2609673790776153
R0_FA0,R0_FS0,recon,cosplace,"e2vid,eventCount,eventCount_noPolarity,timeSurface",0.5,10,0.6626373626373626
R0_FA0,R0_FN0,vpr,"mixvpr,megaloc,cosplace,netvlad",timeSurface,0.25,10,0.33183352080989875
R0_FA0,R0_FS0,patch,netvlad,timeSurface,0.25,10,0.701098901098901
R0_FA0,R0_FN0,patch,megaloc,e2vid,0.1,10,0.18222722159730034
R0_FA0,R0_FN0,patch,netvlad,eventCount,1.0,10,0.17097862767154107
R0_FA0,R0_FN0,time,mixvpr,timeSurface,"0.1,0.25,0.5,1.0",10,0.33858267716535434
R0_FA0,R0_FS0,vpr,"mixvpr,megaloc,cosplace,netvlad",eventCount,0.1,10,0.7054945054945055
R0_FN0,R0_FS0,vpr,"mixvpr,megaloc,cosplace,netvlad",e2vid,0.25,10,0.3263736263736264
R0_FA0,R0_FN0,patch,megaloc,timeSurface,1.0,10,0.34195725534308213
R0_FA0,R0_FN0,patch,megaloc,eventCount,0.25,10,0.3712035995500562
R0_FA0,R0_FS0,patch,cosplace,eventCount,0.25,10,0.610989010989011
R0_FA0,R0_FN0,time,mixvpr,e2vid,"0.1,0.25,0.5,1.0",10,0.25984251968503935
R0_FA0,R0_FN0,patch,megaloc,eventCount_noPolarity,0.5,10,0.30371203599550056
R0_FA0,R0_FN0,time,netvlad,eventCount_noPolarity,"0.1,0.25,0.5,1.0",10,0.18335208098987626
R0_FA0,R0_FN0,time,cosplace,eventCount,"0.1,0.25,0.5,1.0",10,0.25196850393700787
R0_FA0,R0_FS0,patch,cosplace,e2vid,0.1,10,0.7098901098901099
R0_FA0,R0_FN0,patch,cosplace,eventCount_noPolarity,0.25,10,0.2092238470191226
R0_FA0,R0_FS0,time,netvlad,timeSurface,"0.1,0.25,0.5,1.0",10,0.6626373626373626
R0_FA0,R0_FS0,time,mixvpr,e2vid,"0.1,0.25,0.5,1.0",10,0.6824175824175824
R0_FA0,R0_FS0,recon,cosplace,"e2vid,eventCount,eventCount_noPolarity,timeSurface",1.0,10,0.6505494505494506
R0_FN0,R0_FS0,vpr,"mixvpr,megaloc,cosplace,netvlad",eventCount_noPolarity,1.0,10,0.22417582417582418
R0_FN0,R0_FS0,vpr,"mixvpr,megaloc,cosplace,netvlad",eventCount,0.5,10,0.3098901098901099
R0_FA0,R0_FN0,patch,cosplace,eventCount,0.1,10,0.25196850393700787
R0_FA0,R0_FN0,patch,netvlad,timeSurface,0.1,10,0.2778402699662542
R0_FA0,R0_FN0,patch,netvlad,e2vid,1.0,10,0.16197975253093364
R0_FA0,R0_FN0,patch,cosplace,timeSurface,0.5,10,0.25646794150731156
R0_FA0,R0_FS0,patch,netvlad,e2vid,1.0,10,0.6208791208791209
R0_FN0,R0_FS0,vpr,"mixvpr,megaloc,cosplace,netvlad",e2vid,0.5,10,0.27692307692307694
R0_FA0,R0_FS0,patch,netvlad,eventCount_noPolarity,0.1,10,0.6538461538461539
R0_FA0,R0_FN0,patch,megaloc,e2vid,0.25,10,0.21597300337457817
R0_FN0,R0_FS0,time,cosplace,eventCount,"0.1,0.25,0.5,1.0",10,0.26043956043956046
R0_FA0,R0_FN0,time,megaloc,e2vid,"0.1,0.25,0.5,1.0",10,0.3925759280089989
R0_FN0,R0_FS0,recon,cosplace,"e2vid,eventCount,eventCount_noPolarity,timeSurface",0.5,10,0.23186813186813188
R0_FN0,R0_FS0,time,netvlad,eventCount_noPolarity,"0.1,0.25,0.5,1.0",10,0.17912087912087912
R0_FN0,R0_FS0,recon,netvlad,"e2vid,eventCount,eventCount_noPolarity,timeSurface",1.0,10,0.1824175824175824
R0_FN0,R0_FS0,recon,megaloc,"e2vid,eventCount,eventCount_noPolarity,timeSurface",0.25,10,0.42637362637362636
R0_FN0,R0_FS0,time,megaloc,e2vid,"0.1,0.25,0.5,1.0",10,0.36043956043956044
R0_FA0,R0_FN0,patch,netvlad,eventCount_noPolarity,0.1,10,0.23847019122609675
R0_FA0,R0_FN0,patch,megaloc,eventCount,0.5,10,0.3059617547806524
R0_FA0,R0_FN0,patch,megaloc,eventCount_noPolarity,1.0,10,0.24859392575928008
R0_FN0,R0_FS0,vpr,"mixvpr,megaloc,cosplace,netvlad",eventCount,1.0,10,0.3021978021978022
R0_FA0,R0_FN0,time,cosplace,eventCount_noPolarity,"0.1,0.25,0.5,1.0",10,0.16422947131608548
R0_FA0,R0_FN0,time,netvlad,timeSurface,"0.1,0.25,0.5,1.0",10,0.2373453318335208
R0_FN0,R0_FS0,patch,mixvpr,e2vid,1.0,10,0.22527472527472528
R0_FA0,R0_FS0,time,mixvpr,eventCount,"0.1,0.25,0.5,1.0",10,0.6505494505494506
R0_FA0,R0_FN0,patch,cosplace,eventCount_noPolarity,0.5,10,0.19460067491563554
R0_FA0,R0_FN0,vpr,"mixvpr,megaloc,cosplace,netvlad",timeSurface,0.5,10,0.33970753655793023
R0_FN0,R0_FS0,patch,mixvpr,eventCount_noPolarity,0.1,10,0.25384615384615383
R0_FN0,R0_FS0,vpr,"mixvpr,megaloc,cosplace,netvlad",e2vid,1.0,10,0.21428571428571427
R0_FA0,R0_FN0,patch,cosplace,e2vid,0.1,10,0.19572553430821146
R0_FN0,R0_FS0,vpr,"mixvpr,megaloc,cosplace,netvlad",timeSurface,0.1,10,0.3659340659340659
R0_FA0,R0_FS0,patch,mixvpr,e2vid,0.1,10,0.7021978021978021
R0_FA0,R0_FN0,patch,netvlad,timeSurface,0.25,10,0.24971878515185603
R0_FA0,R0_FN0,patch,cosplace,timeSurface,1.0,10,0.2508436445444319
R0_FA0,R0_FS0,patch,cosplace,e2vid,0.25,10,0.7087912087912088
R0_FA0,R0_FN0,patch,cosplace,eventCount,0.25,10,0.24296962879640044
R0_FA0,R0_FS0,patch,cosplace,eventCount,0.5,10,0.5571428571428572
R0_FN0,R0_FS0,time,cosplace,eventCount_noPolarity,"0.1,0.25,0.5,1.0",10,0.14395604395604394
R0_FN0,R0_FS0,patch,megaloc,e2vid,0.5,10,0.22197802197802197
R0_FN0,R0_FS0,recon,cosplace,"e2vid,eventCount,eventCount_noPolarity,timeSurface",1.0,10,0.24945054945054945
R0_FA0,R0_FN0,patch,netvlad,eventCount,0.1,10,0.31046119235095615
R0_FA0,R0_FS0,recon,netvlad,"e2vid,eventCount,eventCount_noPolarity,timeSurface",0.1,10,0.6527472527472528
R0_FN0,R0_FS0,recon,megaloc,"e2vid,eventCount,eventCount_noPolarity,timeSurface",0.5,10,0.3967032967032967
R0_FA0,R0_FN0,patch,mixvpr,timeSurface,0.1,10,0.3498312710911136
R0_FN0,R0_FS0,time,netvlad,timeSurface,"0.1,0.25,0.5,1.0",10,0.22197802197802197
R0_FN0,R0_FS0,patch,mixvpr,timeSurface,0.25,10,0.3263736263736264
R0_FN0,R0_FS0,recon,mixvpr,"e2vid,eventCount,eventCount_noPolarity,timeSurface",0.1,10,0.32967032967032966
R0_FA0,R0_FN0,patch,megaloc,e2vid,0.5,10,0.21822272215973004
R0_FN0,R0_FS0,time,mixvpr,e2vid,"0.1,0.25,0.5,1.0",10,0.22197802197802197
R0_FN0,R0_FS0,time,megaloc,eventCount,"0.1,0.25,0.5,1.0",10,0.38351648351648354
R0_FN0,R0_FS0,patch,megaloc,eventCount,1.0,10,0.2681318681318681
R0_FA0,R0_FN0,vpr,"mixvpr,megaloc,cosplace,netvlad",timeSurface,1.0,10,0.3295838020247469
R0_FA0,R0_FN0,time,megaloc,eventCount,"0.1,0.25,0.5,1.0",10,0.3700787401574803
R0_FA0,R0_FN0,patch,megaloc,eventCount,1.0,10,0.23059617547806524
R0_FA0,R0_FN0,patch,netvlad,eventCount_noPolarity,0.25,10,0.22272215973003376
R0_FA0,R0_FS0,time,mixvpr,eventCount_noPolarity,"0.1,0.25,0.5,1.0",10,0.5428571428571428
R0_FN0,R0_FS0,vpr,"mixvpr,megaloc,cosplace,netvlad",eventCount,0.1,10,0.3934065934065934
R0_FA0,R0_FN0,patch,cosplace,eventCount_noPolarity,1.0,10,0.1889763779527559
R0_FN0,R0_FS0,vpr,"mixvpr,megaloc,cosplace,netvlad",timeSurface,0.25,10,0.34505494505494505
R0_FN0,R0_FS0,patch,mixvpr,eventCount,0.1,10,0.3032967032967033
R0_FN0,R0_FS0,time,cosplace,timeSurface,"0.1,0.25,0.5,1.0",10,0.23406593406593407
R0_FN0,R0_FS0,patch,mixvpr,eventCount_noPolarity,0.25,10,0.21318681318681318
R0_FN0,R0_FS0,patch,cosplace,eventCount_noPolarity,1.0,10,0.12417582417582418
R0_FN0,R0_FS0,patch,cosplace,eventCount,0.5,10,0.21208791208791208
R0_FN0,R0_FS0,recon,megaloc,"e2vid,eventCount,eventCount_noPolarity,timeSurface",1.0,10,0.34395604395604396
R0_FA0,R0_FN0,patch,megaloc,timeSurface,0.1,10,0.32733408323959506
R0_FN0,R0_FS0,patch,cosplace,e2vid,0.25,10,0.19230769230769232
R0_FA0,R0_FN0,patch,netvlad,timeSurface,0.5,10,0.312710911136108
R0_FA0,R0_FN0,patch,cosplace,e2vid,0.25,10,0.2047244094488189
R0_FN0,R0_FS0,patch,megaloc,e2vid,1.0,10,0.15824175824175823
R0_FA0,R0_FS0,recon,netvlad,"e2vid,eventCount,eventCount_noPolarity,timeSurface",0.25,10,0.6615384615384615
R0_FA0,R0_FN0,patch,cosplace,eventCount,0.5,10,0.21372328458942633
R0_FA0,R0_FS0,patch,mixvpr,e2vid,0.25,10,0.7021978021978021
R0_FA0,R0_FS0,patch,cosplace,eventCount,1.0,10,0.5703296703296703
R0_FA0,R0_FS0,patch,cosplace,e2vid,0.5,10,0.6648351648351648
R0_FN0,R0_FS0,patch,megaloc,timeSurface,0.1,10,0.3747252747252747
R0_FA0,R0_FN0,patch,netvlad,e2vid,0.1,10,0.25984251968503935
R0_FN0,R0_FS0,recon,mixvpr,"e2vid,eventCount,eventCount_noPolarity,timeSurface",0.25,10,0.3252747252747253
R0_FA0,R0_FN0,patch,netvlad,eventCount,0.25,10,0.25646794150731156
R0_FN0,R0_FS0,patch,mixvpr,timeSurface,0.5,10,0.3120879120879121
R0_FN0,R0_FS0,time,mixvpr,eventCount,"0.1,0.25,0.5,1.0",10,0.31868131868131866
R0_FN0,R0_FS0,time,megaloc,eventCount_noPolarity,"0.1,0.25,0.5,1.0",10,0.3813186813186813
R0_FA0,R0_FN0,patch,megaloc,e2vid,1.0,10,0.20247469066366705
R0_FA0,R0_FN0,patch,mixvpr,timeSurface,0.25,10,0.33858267716535434
R0_FN0,R0_FS0,patch,mixvpr,e2vid,0.1,10,0.25164835164835164
R0_FN0,R0_FS0,vpr,"mixvpr,megaloc,cosplace,netvlad",timeSurface,0.5,10,0.33406593406593404
R0_FN0,R0_FS0,vpr,"mixvpr,megaloc,cosplace,netvlad",eventCount,0.25,10,0.37362637362637363
R0_FN0,R0_FS0,recon,netvlad,"e2vid,eventCount,eventCount_noPolarity,timeSurface",0.1,10,0.22637362637362637
R0_FA0,R0_FN0,recon,mixvpr,"e2vid,eventCount,eventCount_noPolarity,timeSurface",0.1,10,0.3025871766029246
R0_FN0,R0_FS0,patch,megaloc,eventCount_noPolarity,0.1,10,0.3274725274725275
R0_FN0,R0_FS0,time,netvlad,e2vid,"0.1,0.25,0.5,1.0",10,0.15714285714285714
R0_FA0,R0_FN0,patch,netvlad,eventCount_noPolarity,0.5,10,0.17547806524184478
R0_FN0,R0_FS0,vpr,"mixvpr,megaloc,cosplace,netvlad",eventCount_noPolarity,0.1,10,0.34615384615384615
R0_FN0,R0_FS0,patch,mixvpr,eventCount_noPolarity,0.5,10,0.17692307692307693
R0_FN0,R0_FS0,patch,cosplace,eventCount,1.0,10,0.20549450549450549
R0_FN0,R0_FS0,patch,mixvpr,eventCount,0.25,10,0.2692307692307692
R0_FN0,R0_FS0,patch,netvlad,eventCount_noPolarity,0.5,10,0.12087912087912088
R0_FA0,R0_FN0,patch,megaloc,eventCount_noPolarity,0.1,10,0.32845894263217096
R0_FN0,R0_FS0,patch,cosplace,e2vid,0.5,10,0.17912087912087912
R0_FN0,R0_FS0,recon,mixvpr,"e2vid,eventCount,eventCount_noPolarity,timeSurface",0.5,10,0.3131868131868132
R0_FA0,R0_FN0,patch,cosplace,timeSurface,0.1,10,0.23284589426321708
R0_FA0,R0_FN0,patch,netvlad,timeSurface,1.0,10,0.2744656917885264
R0_FA0,R0_FN0,patch,cosplace,eventCount,1.0,10,0.2013498312710911
R0_FA0,R0_FN0,patch,cosplace,e2vid,0.5,10,0.18222722159730034
R0_FN0,R0_FS0,patch,megaloc,timeSurface,0.25,10,0.3758241758241758
R0_FA0,R0_FN0,patch,megaloc,timeSurface,0.25,10,0.3160854893138358
R0_FN0,R0_FS0,vpr,"mixvpr,megaloc,cosplace,netvlad",timeSurface,1.0,10,0.4
R0_FA0,R0_FS0,patch,cosplace,e2vid,1.0,10,0.6538461538461539
R0_FN0,R0_FS0,time,mixvpr,eventCount_noPolarity,"0.1,0.25,0.5,1.0",10,0.2681318681318681
R0_FN0,R0_FS0,time,megaloc,timeSurface,"0.1,0.25,0.5,1.0",10,0.4010989010989011
R0_FN0,R0_FS0,patch,mixvpr,timeSurface,1.0,10,0.33186813186813185
R0_FA0,R0_FN0,patch,netvlad,e2vid,0.25,10,0.25646794150731156
R0_FN0,R0_FS0,recon,netvlad,"e2vid,eventCount,eventCount_noPolarity,timeSurface",0.25,10,0.2164835164835165
R0_FA0,R0_FN0,recon,mixvpr,"e2vid,eventCount,eventCount_noPolarity,timeSurface",0.25,10,0.3363329583802025
R0_FN0,R0_FS0,time,netvlad,eventCount,"0.1,0.25,0.5,1.0",10,0.16923076923076924
R0_RA0,R0_RN0,vpr,"mixvpr,megaloc,cosplace,netvlad",timeSurface,0.5,10,0.2521459227467811
R0_RA0,R0_RN0,vpr,"mixvpr,megaloc,cosplace,netvlad",eventCount_noPolarity,0.25,10,0.22532188841201717
R0_FA0,R0_FS0,patch,cosplace,eventCount_noPolarity,0.1,10,0.6120879120879121
R0_FA0,R0_FN0,patch,netvlad,eventCount,0.5,10,0.20022497187851518
R0_FN0,R0_FS0,patch,mixvpr,e2vid,0.25,10,0.25824175824175827
R0_FN0,R0_FS0,patch,cosplace,timeSurface,0.1,10,0.2802197802197802
R0_FA0,R0_FN0,patch,mixvpr,timeSurface,0.5,10,0.344206974128234
R0_RA0,R0_RN0,vpr,"mixvpr,megaloc,cosplace,netvlad",eventCount,0.1,10,0.2918454935622318
R0_FN0,R0_FS0,vpr,"mixvpr,megaloc,cosplace,netvlad",eventCount_noPolarity,0.25,10,0.3087912087912088
R0_FN0,R0_FS0,recon,cosplace,"e2vid,eventCount,eventCount_noPolarity,timeSurface",0.1,10,0.25274725274725274
R0_FN0,R0_FS0,patch,mixvpr,eventCount_noPolarity,1.0,10,0.14395604395604394
R0_FA0,R0_FN0,patch,netvlad,eventCount_noPolarity,1.0,10,0.08998875140607424
R0_FN0,R0_FS0,recon,mixvpr,"e2vid,eventCount,eventCount_noPolarity,timeSurface",1.0,10,0.2802197802197802
R0_FN0,R0_FS0,patch,mixvpr,eventCount,0.5,10,0.23186813186813188
R0_FN0,R0_FS0,patch,netvlad,eventCount_noPolarity,1.0,10,0.08021978021978023
R0_FN0,R0_FS0,patch,megaloc,eventCount_noPolarity,0.25,10,0.35494505494505496
R0_RA0,R0_RN0,recon,mixvpr,"e2vid,eventCount,eventCount_noPolarity,timeSurface",1.0,10,0.22854077253218885
R0_RA0,R0_RN0,recon,cosplace,"e2vid,eventCount,eventCount_noPolarity,timeSurface",0.1,10,0.14163090128755365
R0_FN0,R0_FS0,patch,cosplace,e2vid,1.0,10,0.14395604395604394
R0_FN0,R0_FS0,vpr,"mixvpr,megaloc,cosplace,netvlad",e2vid,0.1,10,0.29010989010989013
R0_FN0,R0_FS0,patch,megaloc,timeSurface,0.5,10,0.34835164835164834
R0_FN0,R0_FS0,recon,netvlad,"e2vid,eventCount,eventCount_noPolarity,timeSurface",0.5,10,0.17472527472527472
R0_FN0,R0_FS0,time,mixvpr,timeSurface,"0.1,0.25,0.5,1.0",10,0.34395604395604396
R0_FN0,R0_FS0,time,cosplace,e2vid,"0.1,0.25,0.5,1.0",10,0.22967032967032966
R0_RA0,R0_RN0,recon,netvlad,"e2vid,eventCount,eventCount_noPolarity,timeSurface",0.25,10,0.15343347639484978
R0_RA0,R0_RN0,vpr,"mixvpr,megaloc,cosplace,netvlad",timeSurface,1.0,10,0.2607296137339056
R0_FN0,R0_FS0,patch,mixvpr,e2vid,0.5,10,0.22747252747252747
R0_FN0,R0_FS0,vpr,"mixvpr,megaloc,cosplace,netvlad",eventCount_noPolarity,0.5,10,0.2571428571428571
R0_RA0,R0_RN0,vpr,"mixvpr,megaloc,cosplace,netvlad",eventCount_noPolarity,0.5,10,0.18025751072961374
R0_FN0,R0_FS0,patch,cosplace,timeSurface,0.25,10,0.29010989010989013
R0_FN0,R0_FS0,patch,megaloc,eventCount,0.1,10,0.4043956043956044
R0_FN0,R0_FS0,recon,cosplace,"e2vid,eventCount,eventCount_noPolarity,timeSurface",0.25,10,0.2681318681318681
R0_RA0,R0_RN0,vpr,"mixvpr,megaloc,cosplace,netvlad",eventCount,0.25,10,0.25643776824034337
R0_FN0,R0_FS0,patch,cosplace,eventCount_noPolarity,0.1,10,0.18461538461538463
R0_FN0,R0_FS0,recon,megaloc,"e2vid,eventCount,eventCount_noPolarity,timeSurface",0.1,10,0.44945054945054946
R0_FA0,R0_FS0,patch,cosplace,eventCount_noPolarity,0.25,10,0.5483516483516484
R0_FA0,R0_FS0,patch,cosplace,eventCount,0.1,10,0.6208791208791209
R0_FN0,R0_FS0,patch,mixvpr,eventCount,1.0,10,0.2032967032967033
R0_RA0,R0_RN0,time,mixvpr,eventCount_noPolarity,"0.1,0.25,0.5,1.0",10,0.19957081545064378
R0_FN0,R0_FS0,patch,megaloc,eventCount_noPolarity,0.5,10,0.2879120879120879
R0_RA0,R0_RN0,recon,cosplace,"e2vid,eventCount,eventCount_noPolarity,timeSurface",0.25,10,0.194206008583691
R0_RA0,R0_RN0,time,megaloc,timeSurface,"0.1,0.25,0.5,1.0",10,0.22424892703862662
R0_FN0,R0_FS0,patch,mixvpr,timeSurface,0.1,10,0.3208791208791209
R0_RA0,R0_RN0,patch,mixvpr,eventCount_noPolarity,1.0,10,0.10407725321888411
R0_RA0,R0_RN0,recon,megaloc,"e2vid,eventCount,eventCount_noPolarity,timeSurface",0.1,10,0.3090128755364807
R0_RA0,R0_RN0,patch,megaloc,eventCount_noPolarity,0.5,10,0.19206008583690987
R0_RA0,R0_RN0,time,netvlad,e2vid,"0.1,0.25,0.5,1.0",10,0.11587982832618025
R0_RA0,R0_RN0,patch,megaloc,eventCount,0.25,10,0.2532188841201717
R0_RA0,R0_RN0,patch,mixvpr,eventCount,0.5,10,0.157725321888412
R0_FN0,R0_FS0,patch,megaloc,timeSurface,1.0,10,0.34615384615384615
R0_RA0,R0_RN0,patch,megaloc,e2vid,0.1,10,0.12446351931330472
R0_RA0,R0_RN0,recon,netvlad,"e2vid,eventCount,eventCount_noPolarity,timeSurface",0.5,10,0.157725321888412
R0_RA0,R0_RN0,patch,mixvpr,e2vid,0.25,10,0.24034334763948498
R0_RA0,R0_RN0,vpr,"mixvpr,megaloc,cosplace,netvlad",eventCount_noPolarity,1.0,10,0.1351931330472103
R0_RA0,R0_RN0,patch,megaloc,timeSurface,1.0,10,0.2778969957081545
R0_FN0,R0_FS0,patch,cosplace,timeSurface,0.5,10,0.27472527472527475
R0_FN0,R0_FS0,patch,megaloc,eventCount,0.25,10,0.3824175824175824
R0_RA0,R0_RN0,vpr,"mixvpr,megaloc,cosplace,netvlad",eventCount,0.5,10,0.22746781115879827
R0_RA0,R0_RN0,patch,cosplace,eventCount,0.1,10,0.13841201716738197
R0_RA0,R0_RN0,recon,cosplace,"e2vid,eventCount,eventCount_noPolarity,timeSurface",0.5,10,0.16952789699570817
R0_FN0,R0_FS0,patch,megaloc,eventCount_noPolarity,1.0,10,0.2153846153846154
R0_FN0,R0_FS0,patch,cosplace,eventCount_noPolarity,0.25,10,0.1934065934065934
R0_RS0,R0_RN0,vpr,"mixvpr,megaloc,cosplace,netvlad",e2vid,0.5,10,0.3090128755364807
R0_RA0,R0_RN0,time,mixvpr,timeSurface,"0.1,0.25,0.5,1.0",10,0.2703862660944206
R0_RS0,R0_RN0,vpr,"mixvpr,megaloc,cosplace,netvlad",eventCount,1.0,10,0.25
R0_FN0,R0_FS0,patch,cosplace,eventCount,0.1,10,0.26043956043956046
R0_RS0,R0_RN0,recon,megaloc,"e2vid,eventCount,eventCount_noPolarity,timeSurface",0.5,10,0.388412017167382
R0_RS0,R0_RN0,recon,mixvpr,"e2vid,eventCount,eventCount_noPolarity,timeSurface",0.25,10,0.3218884120171674
R0_RA0,R0_RN0,time,cosplace,e2vid,"0.1,0.25,0.5,1.0",10,0.15450643776824036
R0_RS0,R0_RN0,vpr,"mixvpr,megaloc,cosplace,netvlad",timeSurface,0.1,10,0.34549356223175964
R0_RA0,R0_RN0,recon,megaloc,"e2vid,eventCount,eventCount_noPolarity,timeSurface",0.25,10,0.2939914163090129
R0_RA0,R0_RN0,patch,netvlad,e2vid,1.0,10,0.11909871244635194
R0_RA0,R0_RN0,patch,netvlad,eventCount_noPolarity,0.1,10,0.1555793991416309
R0_FN0,R0_FS0,patch,netvlad,timeSurface,0.1,10,0.2681318681318681
R0_RA0,R0_RN0,patch,cosplace,timeSurface,0.5,10,0.15879828326180256
R0_RA0,R0_RN0,patch,cosplace,eventCount_noPolarity,0.25,10,0.1255364806866953
R0_RA0,R0_RN0,time,netvlad,eventCount,"0.1,0.25,0.5,1.0",10,0.1223175965665236
R0_RS0,R0_RN0,time,mixvpr,e2vid,"0.1,0.25,0.5,1.0",10,0.26502145922746784
R0_RS0,R0_RN0,recon,cosplace,"e2vid,eventCount,eventCount_noPolarity,timeSurface",1.0,10,0.2575107296137339
R0_RS0,R0_RN0,time,megaloc,eventCount,"0.1,0.25,0.5,1.0",10,0.3594420600858369
R0_RA0,R0_RN0,recon,mixvpr,"e2vid,eventCount,eventCount_noPolarity,timeSurface",0.1,10,0.23927038626609443
R0_RA0,R0_RN0,recon,netvlad,"e2vid,eventCount,eventCount_noPolarity,timeSurface",1.0,10,0.12017167381974249
R0_RA0,R0_RN0,patch,mixvpr,eventCount,1.0,10,0.1298283261802575
R0_RA0,R0_RN0,patch,megaloc,eventCount,0.5,10,0.22210300429184548
R0_FN0,R0_FS0,patch,megaloc,e2vid,0.1,10,0.16813186813186815
R0_FN0,R0_FS0,patch,netvlad,timeSurface,1.0,10,0.24505494505494504
R0_FN0,R0_FS0,patch,cosplace,timeSurface,1.0,10,0.24835164835164836
R0_RS0,R0_RN0,time,cosplace,eventCount_noPolarity,"0.1,0.25,0.5,1.0",10,0.2017167381974249
R0_RA0,R0_RN0,patch,megaloc,eventCount_noPolarity,1.0,10,0.148068669527897
R0_RA0,R0_RN0,patch,megaloc,e2vid,0.25,10,0.15450643776824036
R0_FN0,R0_FS0,patch,cosplace,e2vid,0.1,10,0.2
R0_RA0,R0_RN0,vpr,"mixvpr,megaloc,cosplace,netvlad",timeSurface,0.1,10,0.2532188841201717
R0_RA0,R0_RN0,patch,mixvpr,timeSurface,0.1,10,0.2371244635193133
R0_FN0,R0_FS0,patch,megaloc,eventCount,0.5,10,0.3626373626373626
R0_RA0,R0_RN0,recon,cosplace,"e2vid,eventCount,eventCount_noPolarity,timeSurface",1.0,10,0.1555793991416309
R0_FA0,R0_FN0,patch,mixvpr,e2vid,0.1,10,0.36332958380202474
R0_RA0,R0_RN0,vpr,"mixvpr,megaloc,cosplace,netvlad",eventCount,1.0,10,0.17489270386266095
R0_RA0,R0_RN0,patch,mixvpr,e2vid,0.5,10,0.1984978540772532
R0_RS0,R0_RN0,vpr,"mixvpr,megaloc,cosplace,netvlad",e2vid,1.0,10,0.26502145922746784
R0_RS0,R0_RN0,recon,megaloc,"e2vid,eventCount,eventCount_noPolarity,timeSurface",1.0,10,0.33369098712446355
R0_RS0,R0_RN0,recon,mixvpr,"e2vid,eventCount,eventCount_noPolarity,timeSurface",0.5,10,0.3272532188841202
R0_RA0,R0_RN0,patch,netvlad,timeSurface,0.25,10,0.21030042918454936
R0_FN0,R0_FS0,patch,cosplace,eventCount_noPolarity,0.5,10,0.14725274725274726
R0_RS0,R0_RN0,vpr,"mixvpr,megaloc,cosplace,netvlad",timeSurface,0.25,10,0.33047210300429186
R0_FA0,R0_FN0,patch,mixvpr,eventCount,0.25,10,0.2992125984251969
R0_RS0,R0_RN0,time,netvlad,timeSurface,"0.1,0.25,0.5,1.0",10,0.2778969957081545
R0_RA0,R0_RN0,time,megaloc,e2vid,"0.1,0.25,0.5,1.0",10,0.27360515021459225
R0_RA0,R0_RN0,recon,megaloc,"e2vid,eventCount,eventCount_noPolarity,timeSurface",0.5,10,0.2832618025751073
R0_FN0,R0_FS0,patch,cosplace,eventCount,0.25,10,0.23516483516483516
R0_RA0,R0_RN0,time,cosplace,eventCount,"0.1,0.25,0.5,1.0",10,0.18240343347639484
R0_RA0,R0_RN0,patch,cosplace,eventCount,0.25,10,0.11266094420600858
R0_FN0,R0_FS0,patch,netvlad,timeSurface,0.25,10,0.2714285714285714
R0_RS0,R0_RN0,time,mixvpr,eventCount,"0.1,0.25,0.5,1.0",10,0.2821888412017167
R0_RS0,R0_RN0,time,megaloc,eventCount_noPolarity,"0.1,0.25,0.5,1.0",10,0.40665236051502146
R0_RA0,R0_RN0,recon,mixvpr,"e2vid,eventCount,eventCount_noPolarity,timeSurface",0.25,10,0.26394849785407726
R0_RA0,R0_RN0,time,netvlad,eventCount_noPolarity,"0.1,0.25,0.5,1.0",10,0.09334763948497854
R0_RA0,R0_RN0,time,mixvpr,e2vid,"0.1,0.25,0.5,1.0",10,0.18025751072961374
R0_RA0,R0_RN0,patch,cosplace,timeSurface,1.0,10,0.13626609442060086
R0_RS0,R0_RN0,time,cosplace,timeSurface,"0.1,0.25,0.5,1.0",10,0.18240343347639484
R0_RS0,R0_RN0,recon,netvlad,"e2vid,eventCount,eventCount_noPolarity,timeSurface",0.1,10,0.23819742489270387
R0_RA0,R0_RN0,patch,netvlad,eventCount_noPolarity,0.25,10,0.12017167381974249
R0_RS0,R0_RN0,patch,mixvpr,eventCount,0.1,10,0.2982832618025751
R0_RA0,R0_RN0,patch,cosplace,eventCount_noPolarity,0.5,10,0.13197424892703863
R0_RS0,R0_RN0,patch,mixvpr,eventCount_noPolarity,0.25,10,0.29935622317596566
R0_RS0,R0_RN0,recon,mixvpr,"e2vid,eventCount,eventCount_noPolarity,timeSurface",1.0,10,0.2778969957081545
R0_FN0,R0_FS0,patch,megaloc,e2vid,0.25,10,0.22527472527472528
R0_RA0,R0_RN0,patch,megaloc,eventCount,1.0,10,0.14914163090128754
R0_RA0,R0_RN0,recon,netvlad,"e2vid,eventCount,eventCount_noPolarity,timeSurface",0.1,10,0.1630901287553648
R0_RS0,R0_RN0,recon,cosplace,"e2vid,eventCount,eventCount_noPolarity,timeSurface",0.1,10,0.2296137339055794
R0_RS0,R0_RN0,vpr,"mixvpr,megaloc,cosplace,netvlad",timeSurface,0.5,10,0.3551502145922747
R0_RA0,R0_RN0,vpr,"mixvpr,megaloc,cosplace,netvlad",timeSurface,0.25,10,0.2542918454935622
R0_RA0,R0_RN0,patch,megaloc,e2vid,0.5,10,0.1351931330472103
R0_RA0,R0_RN0,recon,megaloc,"e2vid,eventCount,eventCount_noPolarity,timeSurface",1.0,10,0.25
R0_RA0,R0_RN0,patch,mixvpr,timeSurface,0.25,10,0.2349785407725322
R0_RA0,R0_RN0,vpr,"mixvpr,megaloc,cosplace,netvlad",eventCount_noPolarity,0.1,10,0.2296137339055794
R0_RA0,R0_RN0,patch,cosplace,e2vid,0.1,10,0.11695278969957082
R0_RA0,R0_RN0,patch,mixvpr,e2vid,1.0,10,0.194206008583691
R0_RA0,R0_RN0,time,megaloc,eventCount,"0.1,0.25,0.5,1.0",10,0.30364806866952787
R0_RA0,R0_RN0,patch,mixvpr,eventCount_noPolarity,0.1,10,0.21781115879828325
R0_RS0,R0_RN0,patch,megaloc,e2vid,1.0,10,0.23819742489270387
R0_RS0,R0_RN0,time,mixvpr,eventCount_noPolarity,"0.1,0.25,0.5,1.0",10,0.2703862660944206
R0_RS0,R0_RN0,patch,mixvpr,timeSurface,0.5,10,0.30686695278969955
R0_FN0,R0_FS0,patch,netvlad,timeSurface,0.5,10,0.24725274725274726
R0_RA0,R0_RN0,patch,megaloc,timeSurface,0.1,10,0.2317596566523605
R0_RS0,R0_RN0,time,megaloc,timeSurface,"0.1,0.25,0.5,1.0",10,0.3583690987124464
R0_RA0,R0_RN0,time,cosplace,eventCount_noPolarity,"0.1,0.25,0.5,1.0",10,0.1276824034334764
R0_RA0,R0_RN0,patch,netvlad,timeSurface,0.5,10,0.2145922746781116
R0_RS0,R0_RN0,vpr,"mixvpr,megaloc,cosplace,netvlad",eventCount_noPolarity,0.1,10,0.3197424892703863
R0_RA0,R0_RN0,recon,mixvpr,"e2vid,eventCount,eventCount_noPolarity,timeSurface",0.5,10,0.26824034334763946
R0_FA0,R0_FN0,patch,mixvpr,eventCount,0.5,10,0.2542182227221597
R0_FA0,R0_FN0,patch,mixvpr,e2vid,0.25,10,0.3925759280089989
R0_RS0,R0_RN0,recon,netvlad,"e2vid,eventCount,eventCount_noPolarity,timeSurface",0.25,10,0.2628755364806867
R0_RS0,R0_RN0,time,netvlad,e2vid,"0.1,0.25,0.5,1.0",10,0.16952789699570817
R0_RA0,R0_RN0,patch,cosplace,eventCount,0.5,10,0.1148068669527897
R0_RA0,R0_RN0,time,mixvpr,eventCount,"0.1,0.25,0.5,1.0",10,0.2145922746781116
R0_RA0,R0_RN0,time,netvlad,timeSurface,"0.1,0.25,0.5,1.0",10,0.1834763948497854
R0_RA0,R0_RN0,vpr,"mixvpr,megaloc,cosplace,netvlad",e2vid,0.1,10,0.2113733905579399
R0_RS0,R0_RN0,patch,cosplace,eventCount,1.0,10,0.21781115879828325
R0_RS0,R0_RN0,recon,megaloc,"e2vid,eventCount,eventCount_noPolarity,timeSurface",0.1,10,0.37875536480686695
R0_RS0,R0_RN0,recon,cosplace,"e2vid,eventCount,eventCount_noPolarity,timeSurface",0.25,10,0.2371244635193133
R0_RS0,R0_RN0,patch,cosplace,e2vid,0.5,10,0.2145922746781116
R0_RS0,R0_RN0,patch,mixvpr,eventCount,0.25,10,0.2800429184549356
R0_RS0,R0_RN0,patch,megaloc,timeSurface,0.25,10,0.3143776824034335
R0_RS0,R0_RN0,vpr,"mixvpr,megaloc,cosplace,netvlad",timeSurface,1.0,10,0.3369098712446352
R0_RA0,R0_RN0,patch,netvlad,eventCount_noPolarity,0.5,10,0.09227467811158799
R0_RS0,R0_RN0,patch,mixvpr,eventCount_noPolarity,0.5,10,0.2532188841201717
R0_RS0,R0_RN0,patch,mixvpr,e2vid,0.1,10,0.30579399141630903
R0_RA0,R0_RN0,patch,netvlad,eventCount,0.1,10,0.23605150214592274
R0_RA0,R0_RN0,patch,cosplace,eventCount_noPolarity,1.0,10,0.09120171673819742
R0_RS0,R0_RN0,time,mixvpr,timeSurface,"0.1,0.25,0.5,1.0",10,0.3218884120171674
R0_RS0,R0_RN0,vpr,"mixvpr,megaloc,cosplace,netvlad",eventCount,0.1,10,0.34334763948497854
R0_RS0,R0_RN0,time,cosplace,e2vid,"0.1,0.25,0.5,1.0",10,0.2510729613733906
sunset1,night,recon,netvlad,"e2vid,eventCount,eventCount_noPolarity,timeSurface",0.5,10,0.17647058823529413
R0_RS0,R0_RN0,patch,netvlad,eventCount_noPolarity,1.0,10,0.11909871244635194
R0_RA0,R0_RN0,time,megaloc,eventCount_noPolarity,"0.1,0.25,0.5,1.0",10,0.2929184549356223
sunset1,night,vpr,"mixvpr,megaloc,cosplace,netvlad",e2vid,0.1,10,0.13445378151260504
R0_RA0,R0_RN0,patch,megaloc,e2vid,1.0,10,0.15879828326180256
R0_RS0,R0_RN0,patch,mixvpr,timeSurface,1.0,10,0.34012875536480686
R0_RA0,R0_RN0,patch,megaloc,eventCount_noPolarity,0.1,10,0.2296137339055794
R0_RS0,R0_RN0,time,netvlad,eventCount,"0.1,0.25,0.5,1.0",10,0.22317596566523606
R0_RS0,R0_RN0,recon,netvlad,"e2vid,eventCount,eventCount_noPolarity,timeSurface",0.5,10,0.2478540772532189
R0_RS0,R0_RN0,vpr,"mixvpr,megaloc,cosplace,netvlad",eventCount_noPolarity,0.25,10,0.33047210300429186
sunset1,night,vpr,"mixvpr,megaloc,cosplace,netvlad",eventCount_noPolarity,0.5,10,0.2504201680672269
R0_RA0,R0_RN0,time,cosplace,timeSurface,"0.1,0.25,0.5,1.0",10,0.12124463519313304
R0_RS0,R0_RN0,patch,netvlad,eventCount,0.5,10,0.21781115879828325
R0_RS0,R0_RN0,patch,cosplace,timeSurface,0.1,10,0.22424892703862662
R0_RA0,R0_RN0,patch,mixvpr,timeSurface,0.5,10,0.21566523605150215
R0_RA0,R0_RN0,patch,mixvpr,eventCount_noPolarity,0.25,10,0.18991416309012876
R0_FA0,R0_FN0,patch,mixvpr,eventCount,1.0,10,0.1968503937007874
R0_FN0,R0_FS0,patch,netvlad,eventCount,0.25,10,0.26043956043956046
R0_FA0,R0_FN0,patch,mixvpr,e2vid,0.5,10,0.3262092238470191
R0_RA0,R0_RN0,patch,megaloc,timeSurface,0.25,10,0.22854077253218885
R0_RS0,R0_RN0,recon,megaloc,"e2vid,eventCount,eventCount_noPolarity,timeSurface",0.25,10,0.3851931330472103
R0_RS0,R0_RN0,recon,cosplace,"e2vid,eventCount,eventCount_noPolarity,timeSurface",0.5,10,0.26931330472103004
R0_RA0,R0_RN0,patch,cosplace,e2vid,0.25,10,0.11909871244635194
R0_FN0,R0_FS0,patch,netvlad,e2vid,0.1,10,0.2010989010989011
R0_RA0,R0_RN0,vpr,"mixvpr,megaloc,cosplace,netvlad",e2vid,0.25,10,0.23819742489270387
R0_RA0,R0_RN0,patch,netvlad,timeSurface,1.0,10,0.22103004291845493
R0_RS0,R0_RN0,patch,netvlad,e2vid,0.25,10,0.23927038626609443
sunset1,night,time,cosplace,e2vid,"0.1,0.25,0.5,1.0",10,0.13277310924369748
sunset1,night,recon,netvlad,"e2vid,eventCount,eventCount_noPolarity,timeSurface",1.0,10,0.18487394957983194
R0_RS0,R0_RN0,recon,mixvpr,"e2vid,eventCount,eventCount_noPolarity,timeSurface",0.1,10,0.30472103004291845
R0_RA0,R0_RN0,patch,cosplace,eventCount,1.0,10,0.11587982832618025
R0_RS0,R0_RN0,patch,cosplace,e2vid,1.0,10,0.19313304721030042
sunset1,night,vpr,"mixvpr,megaloc,cosplace,netvlad",e2vid,0.25,10,0.2
sunset1,night,vpr,"mixvpr,megaloc,cosplace,netvlad",eventCount_noPolarity,1.0,10,0.19327731092436976
R0_RS0,R0_RN0,patch,mixvpr,eventCount,0.5,10,0.24248927038626608
R0_RS0,R0_RN0,patch,megaloc,eventCount,0.1,10,0.3444206008583691
R0_RS0,R0_RN0,patch,megaloc,timeSurface,0.5,10,0.30150214592274677
R0_RS0,R0_RN0,patch,mixvpr,eventCount_noPolarity,1.0,10,0.19957081545064378
sunset1,night,recon,megaloc,"e2vid,eventCount,eventCount_noPolarity,timeSurface",0.1,10,0.3042016806722689
R0_RS0,R0_RN0,time,megaloc,e2vid,"0.1,0.25,0.5,1.0",10,0.3283261802575107
R0_RA0,R0_RN0,patch,netvlad,e2vid,0.1,10,0.17274678111587982
R0_RS0,R0_RN0,patch,mixvpr,e2vid,0.25,10,0.296137339055794
R0_RA0,R0_RN0,patch,netvlad,eventCount_noPolarity,1.0,10,0.07081545064377683
R0_RS0,R0_RN0,time,cosplace,eventCount,"0.1,0.25,0.5,1.0",10,0.23390557939914164
sunset1,night,time,cosplace,eventCount,"0.1,0.25,0.5,1.0",10,0.15798319327731092
sunset1,night,time,mixvpr,e2vid,"0.1,0.25,0.5,1.0",10,0.24705882352941178
sunset1,night,patch,mixvpr,e2vid,0.5,10,0.13277310924369748
R0_RS0,R0_RN0,patch,megaloc,eventCount_noPolarity,0.1,10,0.34334763948497854
R0_RS0,R0_RN0,recon,netvlad,"e2vid,eventCount,eventCount_noPolarity,timeSurface",1.0,10,0.2092274678111588
R0_RS0,R0_RN0,vpr,"mixvpr,megaloc,cosplace,netvlad",eventCount_noPolarity,0.5,10,0.27253218884120173
R0_RS0,R0_RN0,time,netvlad,eventCount_noPolarity,"0.1,0.25,0.5,1.0",10,0.16738197424892703
R0_RS0,R0_RN0,vpr,"mixvpr,megaloc,cosplace,netvlad",eventCount,0.25,10,0.3261802575107296
R0_RA0,R0_RN0,patch,mixvpr,eventCount,0.1,10,0.20815450643776823
R0_RA0,R0_RN0,patch,netvlad,eventCount,0.25,10,0.1813304721030043
sunset1,night,vpr,"mixvpr,megaloc,cosplace,netvlad",e2vid,0.5,10,0.17478991596638654
sunset1,night,vpr,"mixvpr,megaloc,cosplace,netvlad",timeSurface,0.1,10,0.2638655462184874
sunset1,night,recon,megaloc,"e2vid,eventCount,eventCount_noPolarity,timeSurface",0.25,10,0.346218487394958
R0_RS0,R0_RN0,patch,netvlad,eventCount,1.0,10,0.16952789699570817
R0_RS0,R0_RN0,patch,netvlad,timeSurface,0.1,10,0.29935622317596566
R0_RA0,R0_RN0,patch,megaloc,eventCount_noPolarity,0.25,10,0.2446351931330472
R0_RA0,R0_RN0,vpr,"mixvpr,megaloc,cosplace,netvlad",e2vid,0.5,10,0.24892703862660945
R0_FA0,R0_FN0,patch,mixvpr,e2vid,1.0,10,0.2722159730033746
sunset1,night,patch,cosplace,eventCount_noPolarity,0.5,10,0.08571428571428572
sunset1,night,patch,mixvpr,timeSurface,0.1,10,0.17983193277310924
R0_RS0,R0_RN0,patch,cosplace,timeSurface,0.25,10,0.26180257510729615
sunset1,night,time,cosplace,eventCount_noPolarity,"0.1,0.25,0.5,1.0",10,0.1226890756302521
sunset1,night,time,mixvpr,eventCount,"0.1,0.25,0.5,1.0",10,0.32941176470588235
R0_RA0,R0_RN0,patch,mixvpr,e2vid,0.1,10,0.2349785407725322
R0_RA0,R0_RN0,patch,mixvpr,timeSurface,1.0,10,0.24248927038626608
sunset1,night,patch,netvlad,eventCount,0.1,10,0.18823529411764706
sunset1,night,patch,mixvpr,e2vid,1.0,10,0.12773109243697478
sunset1,night,patch,megaloc,eventCount,0.5,10,0.226890756302521
sunset1,night,patch,cosplace,e2vid,0.1,10,0.06218487394957983
R0_RS0,R0_RN0,patch,cosplace,eventCount_noPolarity,0.1,10,0.19313304721030042
R0_RA0,R0_RN0,patch,mixvpr,eventCount_noPolarity,0.5,10,0.15021459227467812
R0_RS0,R0_RN0,patch,netvlad,e2vid,0.5,10,0.24892703862660945
sunset1,night,vpr,"mixvpr,megaloc,cosplace,netvlad",e2vid,1.0,10,0.1815126050420168
R0_RA0,R0_RN0,patch,megaloc,timeSurface,0.5,10,0.21888412017167383
R0_FA0,R0_FN0,patch,mixvpr,eventCount_noPolarity,0.1,10,0.31496062992125984
R0_RS0,R0_RN0,patch,mixvpr,eventCount,1.0,10,0.17167381974248927
R0_RA0,R0_RN0,patch,cosplace,e2vid,0.5,10,0.12446351931330472
sunset1,night,vpr,"mixvpr,megaloc,cosplace,netvlad",timeSurface,0.25,10,0.31596638655462184
R0_RS0,R0_RN0,patch,megaloc,timeSurface,1.0,10,0.3261802575107296
R0_RA0,R0_RN0,patch,megaloc,eventCount,0.1,10,0.2607296137339056
R0_RS0,R0_RN0,vpr,"mixvpr,megaloc,cosplace,netvlad",eventCount_noPolarity,1.0,10,0.1813304721030043
sunset1,morning,time,megaloc,eventCount_noPolarity,"0.1,0.25,0.5,1.0",10,0.8781725888324873
sunset1,morning,recon,mixvpr,"e2vid,eventCount,eventCount_noPolarity,timeSurface",0.5,10,0.8798646362098139
sunset1,morning,vpr,"mixvpr,megaloc,cosplace,netvlad",eventCount_noPolarity,0.1,10,0.8477157360406091
sunset1,night,recon,megaloc,"e2vid,eventCount,eventCount_noPolarity,timeSurface",0.5,10,0.30084033613445377
R0_RS0,R0_RN0,vpr,"mixvpr,megaloc,cosplace,netvlad",eventCount,0.5,10,0.33047210300429186
sunset1,morning,recon,netvlad,"e2vid,eventCount,eventCount_noPolarity,timeSurface",0.1,10,0.8341793570219966
sunset1,morning,patch,mixvpr,eventCount_noPolarity,0.5,10,0.871404399323181
sunset1,morning,patch,megaloc,timeSurface,0.5,10,0.8798646362098139
R0_RS0,R0_RN0,patch,megaloc,eventCount,0.25,10,0.3594420600858369
R0_RS0,R0_RN0,vpr,"mixvpr,megaloc,cosplace,netvlad",e2vid,0.1,10,0.25643776824034337
sunset1,night,time,cosplace,timeSurface,"0.1,0.25,0.5,1.0",10,0.13109243697478992
sunset1,morning,patch,mixvpr,e2vid,0.1,10,0.8798646362098139
R0_RS0,R0_RN0,patch,mixvpr,e2vid,0.5,10,0.3186695278969957
sunset1,night,time,mixvpr,eventCount_noPolarity,"0.1,0.25,0.5,1.0",10,0.3025210084033613
sunset1,night,patch,cosplace,eventCount_noPolarity,1.0,10,0.07058823529411765
sunset1,night,patch,netvlad,timeSurface,0.5,10,0.14789915966386555
sunset1,morning,patch,megaloc,eventCount,0.1,10,0.8612521150592216
sunset1,night,patch,mixvpr,timeSurface,0.25,10,0.22857142857142856
R0_RS0,R0_RN0,patch,mixvpr,timeSurface,0.1,10,0.30364806866952787
R0_RA0,R0_RN0,patch,cosplace,timeSurface,0.1,10,0.13090128755364808
sunset1,night,patch,netvlad,eventCount,0.25,10,0.15966386554621848
R0_FN0,R0_FS0,patch,netvlad,eventCount,0.5,10,0.21428571428571427
R0_FN0,R0_FS0,patch,netvlad,e2vid,0.25,10,0.19230769230769232
R0_RS0,R0_RN0,patch,megaloc,e2vid,0.1,10,0.2113733905579399
R0_RA0,R0_RN0,patch,cosplace,eventCount_noPolarity,0.1,10,0.1351931330472103
sunset1,night,patch,megaloc,eventCount,1.0,10,0.21512605042016808
sunset1,night,patch,mixvpr,eventCount,0.1,10,0.13109243697478992
sunset1,night,patch,cosplace,e2vid,0.25,10,0.06890756302521009
R0_RA0,R0_RN0,patch,netvlad,e2vid,0.25,10,0.18454935622317598
R0_RS0,R0_RN0,patch,cosplace,eventCount,0.1,10,0.22639484978540772
sunset1,night,vpr,"mixvpr,megaloc,cosplace,netvlad",timeSurface,0.5,10,0.3277310924369748
sunset1,morning,recon,mixvpr,"e2vid,eventCount,eventCount_noPolarity,timeSurface",1.0,10,0.8883248730964467
sunset1,morning,time,megaloc,timeSurface,"0.1,0.25,0.5,1.0",10,0.8917089678510999
sunset1,morning,vpr,"mixvpr,megaloc,cosplace,netvlad",eventCount_noPolarity,0.25,10,0.8527918781725888
R0_RA0,R0_RN0,vpr,"mixvpr,megaloc,cosplace,netvlad",e2vid,1.0,10,0.17060085836909872
sunset1,night,recon,megaloc,"e2vid,eventCount,eventCount_noPolarity,timeSurface",1.0,10,0.30084033613445377
sunset1,morning,recon,netvlad,"e2vid,eventCount,eventCount_noPolarity,timeSurface",0.25,10,0.8595600676818951
sunset1,morning,patch,netvlad,e2vid,0.5,10,0.871404399323181
R0_RA0,R0_RN0,patch,netvlad,timeSurface,0.1,10,0.23390557939914164
sunset1,night,time,netvlad,e2vid,"0.1,0.25,0.5,1.0",10,0.08067226890756303
sunset1,morning,patch,netvlad,timeSurface,0.1,10,0.8663282571912013
sunset1,morning,patch,megaloc,timeSurface,1.0,10,0.8866328257191202
R0_RA0,R0_RN0,patch,netvlad,eventCount,0.5,10,0.1148068669527897
sunset1,morning,patch,mixvpr,eventCount_noPolarity,1.0,10,0.871404399323181
R0_RS0,R0_RN0,patch,netvlad,timeSurface,0.25,10,0.2939914163090129
R0_RA0,R0_RN0,patch,mixvpr,eventCount,0.25,10,0.19313304721030042
sunset1,night,vpr,"mixvpr,megaloc,cosplace,netvlad",eventCount,0.1,10,0.2957983193277311
sunset1,night,time,mixvpr,timeSurface,"0.1,0.25,0.5,1.0",10,0.42521008403361343
sunset1,morning,patch,mixvpr,e2vid,0.25,10,0.8798646362098139
R0_RS0,R0_RN0,patch,cosplace,timeSurface,0.5,10,0.24248927038626608
R0_RS0,R0_RN0,patch,megaloc,eventCount_noPolarity,0.25,10,0.36802575107296137
sunset1,morning,patch,megaloc,eventCount,0.25,10,0.8764805414551607
sunset1,night,patch,mixvpr,timeSurface,0.5,10,0.18823529411764706
sunset1,night,patch,netvlad,eventCount,0.5,10,0.12605042016806722
sunset1,night,patch,netvlad,timeSurface,1.0,10,0.15798319327731092
R0_RS0,R0_RN0,patch,netvlad,e2vid,1.0,10,0.2167381974248927
R0_FA0,R0_FN0,patch,mixvpr,eventCount,0.1,10,0.31496062992125984
sunset1,morning,patch,cosplace,eventCount_noPolarity,0.1,10,0.7563451776649747
sunset1,night,patch,cosplace,timeSurface,0.1,10,0.1226890756302521
sunset1,night,vpr,"mixvpr,megaloc,cosplace,netvlad",timeSurface,1.0,10,0.32605042016806723
R0_RS0,R0_RN0,patch,cosplace,eventCount_noPolarity,0.25,10,0.19957081545064378
sunset1,night,patch,mixvpr,eventCount,0.25,10,0.1865546218487395
sunset1,night,patch,cosplace,e2vid,0.5,10,0.0907563025210084
sunset1,morning,recon,megaloc,"e2vid,eventCount,eventCount_noPolarity,timeSurface",0.1,10,0.8747884940778342
R0_FA0,R0_FN0,patch,mixvpr,eventCount_noPolarity,0.25,10,0.29133858267716534
sunset1,morning,vpr,"mixvpr,megaloc,cosplace,netvlad",eventCount_noPolarity,0.5,10,0.8646362098138748
sunset1,night,patch,megaloc,eventCount_noPolarity,0.1,10,0.10756302521008404
sunset1,morning,recon,netvlad,"e2vid,eventCount,eventCount_noPolarity,timeSurface",0.5,10,0.8764805414551607
sunset1,sunrise,vpr,"mixvpr,megaloc,cosplace,netvlad",eventCount,0.5,10,0.8820598006644518
sunset1,morning,time,cosplace,e2vid,"0.1,0.25,0.5,1.0",10,0.8646362098138748
sunset1,sunrise,time,megaloc,e2vid,"0.1,0.25,0.5,1.0",10,0.9086378737541528
R0_RS0,R0_RN0,vpr,"mixvpr,megaloc,cosplace,netvlad",e2vid,0.25,10,0.2939914163090129
sunset1,sunrise,time,netvlad,eventCount_noPolarity,"0.1,0.25,0.5,1.0",10,0.8538205980066446
sunset1,night,time,netvlad,eventCount,"0.1,0.25,0.5,1.0",10,0.15630252100840336
sunset1,sunrise,recon,cosplace,"e2vid,eventCount,eventCount_noPolarity,timeSurface",0.5,10,0.8637873754152824
sunset1,night,recon,cosplace,"e2vid,eventCount,eventCount_noPolarity,timeSurface",0.1,10,0.13781512605042018
sunset1,morning,patch,netvlad,e2vid,1.0,10,0.8510998307952623
R0_RA0,R0_RN0,patch,cosplace,e2vid,1.0,10,0.10407725321888411
sunset1,morning,patch,netvlad,timeSurface,0.25,10,0.8917089678510999
sunset1,night,vpr,"mixvpr,megaloc,cosplace,netvlad",eventCount,0.25,10,0.3378151260504202
R0_RS0,R0_RN0,patch,megaloc,eventCount,0.5,10,0.34334763948497854
R0_RS0,R0_RN0,patch,mixvpr,e2vid,1.0,10,0.3090128755364807
sunset1,night,time,megaloc,e2vid,"0.1,0.25,0.5,1.0",10,0.1815126050420168
sunset1,sunrise,patch,mixvpr,eventCount_noPolarity,0.1,10,0.8504983388704319
sunset1,sunrise,recon,mixvpr,"e2vid,eventCount,eventCount_noPolarity,timeSurface",0.1,10,0.8853820598006644
sunset1,morning,patch,mixvpr,e2vid,0.5,10,0.883248730964467
R0_RS0,R0_RN0,patch,netvlad,eventCount_noPolarity,0.1,10,0.25643776824034337
R0_RS0,R0_RN0,patch,mixvpr,timeSurface,0.25,10,0.30042918454935624
sunset1,morning,patch,megaloc,eventCount,0.5,10,0.8697123519458545
sunset1,night,patch,mixvpr,timeSurface,1.0,10,0.1865546218487395
sunset1,night,patch,netvlad,eventCount,1.0,10,0.09243697478991597
sunset1,night,recon,mixvpr,"e2vid,eventCount,eventCount_noPolarity,timeSurface",0.1,10,0.2823529411764706
R0_RS0,R0_RN0,patch,megaloc,e2vid,0.25,10,0.26609442060085836
sunset1,morning,patch,mixvpr,timeSurface,0.1,10,0.883248730964467
sunset1,morning,patch,cosplace,eventCount_noPolarity,0.25,10,0.8087986463620981
R0_RS0,R0_RN0,patch,cosplace,e2vid,0.1,10,0.18454935622317598
sunset1,night,patch,cosplace,timeSurface,0.25,10,0.15798319327731092
sunset1,morning,recon,megaloc,"e2vid,eventCount,eventCount_noPolarity,timeSurface",0.25,10,0.8815566835871405
sunset1,morning,patch,cosplace,e2vid,0.1,10,0.8764805414551607
sunset1,night,patch,mixvpr,eventCount,0.5,10,0.1815126050420168
sunset1,morning,vpr,"mixvpr,megaloc,cosplace,netvlad",eventCount_noPolarity,1.0,10,0.8646362098138748
sunset1,night,patch,cosplace,e2vid,1.0,10,0.05714285714285714
sunset1,sunrise,vpr,"mixvpr,megaloc,cosplace,netvlad",eventCount,1.0,10,0.8754152823920266
R0_RS0,R0_RN0,patch,cosplace,eventCount,0.25,10,0.20493562231759657
sunset1,morning,vpr,"mixvpr,megaloc,cosplace,netvlad",e2vid,0.1,10,0.8866328257191202
sunset1,morning,recon,netvlad,"e2vid,eventCount,eventCount_noPolarity,timeSurface",1.0,10,0.8764805414551607
R0_FN0,R0_FS0,patch,netvlad,eventCount,1.0,10,0.16373626373626374
sunset1,night,time,netvlad,eventCount_noPolarity,"0.1,0.25,0.5,1.0",10,0.11428571428571428
R0_FN0,R0_FS0,patch,netvlad,e2vid,0.5,10,0.14725274725274726
sunset1,morning,time,cosplace,eventCount,"0.1,0.25,0.5,1.0",10,0.8477157360406091
sunset1,sunrise,time,netvlad,timeSurface,"0.1,0.25,0.5,1.0",10,0.8554817275747508
sunset1,sunrise,time,megaloc,eventCount,"0.1,0.25,0.5,1.0",10,0.8770764119601329
R0_RS0,R0_RN0,patch,mixvpr,eventCount_noPolarity,0.1,10,0.27896995708154504
sunset1,sunrise,recon,cosplace,"e2vid,eventCount,eventCount_noPolarity,timeSurface",1.0,10,0.867109634551495
sunset1,night,vpr,"mixvpr,megaloc,cosplace,netvlad",eventCount,0.5,10,0.334453781512605
R0_RA0,R0_RN0,patch,netvlad,e2vid,0.5,10,0.1781115879828326
sunset1,sunrise,patch,cosplace,eventCount,0.5,10,0.8056478405315615
sunset1,night,recon,cosplace,"e2vid,eventCount,eventCount_noPolarity,timeSurface",0.25,10,0.15966386554621848
sunset1,sunrise,patch,megaloc,e2vid,0.5,10,0.8189368770764119
R0_RS0,R0_RN0,patch,netvlad,timeSurface,0.5,10,0.29721030042918456
sunset1,night,patch,megaloc,eventCount_noPolarity,0.25,10,0.14285714285714285
sunset1,morning,patch,netvlad,timeSurface,0.5,10,0.8900169204737732
sunset1,night,time,megaloc,eventCount,"0.1,0.25,0.5,1.0",10,0.3949579831932773
sunset1,sunrise,recon,mixvpr,"e2vid,eventCount,eventCount_noPolarity,timeSurface",0.25,10,0.8887043189368771
R0_RA0,R0_RN0,patch,cosplace,timeSurface,0.25,10,0.1459227467811159
R0_RS0,R0_RN0,patch,cosplace,timeSurface,1.0,10,0.24570815450643776
sunset1,morning,patch,netvlad,eventCount,0.1,10,0.8544839255499154
sunset1,morning,patch,mixvpr,e2vid,1.0,10,0.8900169204737732
R0_RA0,R0_RN0,patch,netvlad,eventCount,1.0,10,0.11695278969957082
sunset1,sunrise,patch,mixvpr,eventCount_noPolarity,0.25,10,0.8621262458471761
sunset1,morning,patch,megaloc,eventCount,1.0,10,0.868020304568528
sunset1,night,recon,mixvpr,"e2vid,eventCount,eventCount_noPolarity,timeSurface",0.25,10,0.4117647058823529
sunset1,morning,recon,megaloc,"e2vid,eventCount,eventCount_noPolarity,timeSurface",0.5,10,0.8883248730964467
sunset1,night,patch,netvlad,eventCount_noPolarity,0.1,10,0.11092436974789915
sunset1,night,patch,cosplace,timeSurface,0.5,10,0.12941176470588237
R0_RS0,R0_RN0,patch,cosplace,eventCount_noPolarity,0.5,10,0.1963519313304721
sunset1,morning,patch,mixvpr,timeSurface,0.25,10,0.8781725888324873
sunset1,morning,time,mixvpr,e2vid,"0.1,0.25,0.5,1.0",10,0.8849407783417935
sunset1,night,time,netvlad,timeSurface,"0.1,0.25,0.5,1.0",10,0.17478991596638654
sunset1,sunrise,patch,megaloc,timeSurface,0.1,10,0.8571428571428571
sunset1,morning,patch,cosplace,eventCount_noPolarity,0.5,10,0.8443316412859561
sunset1,night,patch,mixvpr,eventCount,1.0,10,0.13781512605042018
sunset1,sunrise,time,megaloc,eventCount_noPolarity,"0.1,0.25,0.5,1.0",10,0.8637873754152824
sunset1,sunset2,vpr,"mixvpr,megaloc,cosplace,netvlad",timeSurface,0.5,10,0.9716814159292035
sunset1,morning,vpr,"mixvpr,megaloc,cosplace,netvlad",e2vid,0.25,10,0.8798646362098139
sunset1,morning,vpr,"mixvpr,megaloc,cosplace,netvlad",timeSurface,0.1,10,0.8730964467005076
sunset1,sunset2,time,mixvpr,eventCount_noPolarity,"0.1,0.25,0.5,1.0",10,0.968141592920354
sunset1,morning,patch,cosplace,e2vid,0.25,10,0.8730964467005076
sunset1,night,patch,megaloc,e2vid,0.1,10,0.01680672268907563
R0_RS0,R0_RN0,patch,megaloc,eventCount_noPolarity,0.5,10,0.2982832618025751
sunset1,night,vpr,"mixvpr,megaloc,cosplace,netvlad",eventCount,1.0,10,0.27563025210084036
sunset1,morning,time,cosplace,eventCount_noPolarity,"0.1,0.25,0.5,1.0",10,0.8527918781725888
sunset1,sunset2,vpr,"mixvpr,megaloc,cosplace,netvlad",eventCount,0.1,10,0.9646017699115044
sunset1,sunset2,recon,cosplace,"e2vid,eventCount,eventCount_noPolarity,timeSurface",0.1,10,0.968141592920354
sunset1,sunrise,patch,netvlad,eventCount_noPolarity,0.5,10,0.8588039867109635
sunset1,sunrise,patch,cosplace,eventCount,1.0,10,0.8122923588039868
sunset1,night,recon,cosplace,"e2vid,eventCount,eventCount_noPolarity,timeSurface",0.5,10,0.20336134453781513
sunset1,sunrise,recon,mixvpr,"e2vid,eventCount,eventCount_noPolarity,timeSurface",0.5,10,0.8903654485049833
sunset1,night,time,megaloc,eventCount_noPolarity,"0.1,0.25,0.5,1.0",10,0.26554621848739496
sunset1,sunrise,patch,mixvpr,e2vid,0.1,10,0.872093023255814
sunset1,morning,patch,netvlad,timeSurface,1.0,10,0.8917089678510999
sunset1,sunrise,recon,netvlad,"e2vid,eventCount,eventCount_noPolarity,timeSurface",0.1,10,0.8704318936877077
R0_RS0,R0_RN0,patch,megaloc,eventCount,1.0,10,0.2757510729613734
sunset1,sunrise,patch,netvlad,e2vid,0.1,10,0.8853820598006644
sunset1,sunrise,patch,megaloc,e2vid,1.0,10,0.7458471760797342
sunset1,night,patch,megaloc,eventCount_noPolarity,0.5,10,0.15798319327731092
sunset1,night,recon,mixvpr,"e2vid,eventCount,eventCount_noPolarity,timeSurface",0.5,10,0.40336134453781514
sunset1,morning,patch,netvlad,eventCount,0.25,10,0.8866328257191202
sunset1,morning,recon,megaloc,"e2vid,eventCount,eventCount_noPolarity,timeSurface",1.0,10,0.8917089678510999
sunset1,sunrise,patch,mixvpr,eventCount_noPolarity,0.5,10,0.8538205980066446
sunset1,night,patch,cosplace,eventCount,0.1,10,0.10252100840336134
sunset1,morning,time,mixvpr,eventCount,"0.1,0.25,0.5,1.0",10,0.8747884940778342
sunset1,sunrise,vpr,"mixvpr,megaloc,cosplace,netvlad",eventCount_noPolarity,0.1,10,0.8504983388704319
sunset1,sunset2,vpr,"mixvpr,megaloc,cosplace,netvlad",timeSurface,1.0,10,0.9769911504424779
R0_RS0,R0_RN0,patch,netvlad,eventCount_noPolarity,0.25,10,0.21995708154506438
R0_RS0,R0_RN0,patch,megaloc,e2vid,0.5,10,0.21781115879828325
sunset1,sunrise,time,megaloc,timeSurface,"0.1,0.25,0.5,1.0",10,0.8853820598006644
sunset1,night,patch,cosplace,timeSurface,1.0,10,0.13445378151260504
sunset1,morning,vpr,"mixvpr,megaloc,cosplace,netvlad",timeSurface,0.25,10,0.8815566835871405
sunset1,night,patch,netvlad,eventCount_noPolarity,0.25,10,0.08403361344537816
sunset1,morning,patch,mixvpr,timeSurface,0.5,10,0.8866328257191202
R0_RS0,R0_RN0,patch,cosplace,eventCount,0.5,10,0.21781115879828325
sunset1,morning,vpr,"mixvpr,megaloc,cosplace,netvlad",e2vid,0.5,10,0.8866328257191202
sunset1,morning,time,cosplace,timeSurface,"0.1,0.25,0.5,1.0",10,0.8460236886632826
sunset1,morning,patch,cosplace,eventCount_noPolarity,1.0,10,0.8510998307952623
sunset1,sunset2,time,mixvpr,timeSurface,"0.1,0.25,0.5,1.0",10,0.9699115044247788
sunset1,sunset2,time,netvlad,e2vid,"0.1,0.25,0.5,1.0",10,0.9734513274336283
sunset1,sunset2,patch,megaloc,eventCount_noPolarity,0.5,10,0.9734513274336283
sunset1,morning,patch,cosplace,e2vid,0.5,10,0.8663282571912013
R0_FN0,R0_FS0,patch,netvlad,e2vid,1.0,10,0.13296703296703297
sunset1,sunset2,patch,mixvpr,eventCount,0.5,10,0.9699115044247788
sunset1,sunset2,recon,cosplace,"e2vid,eventCount,eventCount_noPolarity,timeSurface",0.25,10,0.9699115044247788
sunset1,morning,patch,megaloc,eventCount_noPolarity,0.1,10,0.8138747884940778
sunset1,sunrise,patch,megaloc,timeSurface,0.25,10,0.8704318936877077
sunset1,sunset2,vpr,"mixvpr,megaloc,cosplace,netvlad",eventCount,0.25,10,0.9699115044247788
sunset1,sunrise,recon,mixvpr,"e2vid,eventCount,eventCount_noPolarity,timeSurface",1.0,10,0.8903654485049833
sunset1,night,patch,mixvpr,eventCount_noPolarity,0.1,10,0.07563025210084033
R0_RS0,R0_RN0,patch,netvlad,timeSurface,1.0,10,0.30686695278969955
sunset1,night,time,megaloc,timeSurface,"0.1,0.25,0.5,1.0",10,0.3277310924369748
sunset1,sunrise,recon,netvlad,"e2vid,eventCount,eventCount_noPolarity,timeSurface",0.25,10,0.8571428571428571
R0_RS0,R0_RN0,patch,cosplace,e2vid,0.25,10,0.24356223175965666
sunset1,night,recon,cosplace,"e2vid,eventCount,eventCount_noPolarity,timeSurface",1.0,10,0.1781512605042017
sunset1,sunrise,patch,netvlad,eventCount_noPolarity,1.0,10,0.8372093023255814
sunset1,night,patch,megaloc,e2vid,0.25,10,0.03865546218487395
sunset1,morning,patch,mixvpr,eventCount,0.1,10,0.8747884940778342
sunset1,sunset2,patch,megaloc,e2vid,0.1,10,0.9557522123893806
sunset1,sunrise,vpr,"mixvpr,megaloc,cosplace,netvlad",e2vid,0.1,10,0.9119601328903655
sunset1,sunrise,patch,mixvpr,e2vid,0.25,10,0.8687707641196013
sunset1,sunrise,patch,cosplace,eventCount_noPolarity,0.1,10,0.782392026578073
sunset1,sunrise,patch,netvlad,e2vid,0.25,10,0.8803986710963455
R0_FN0,R0_FS0,patch,netvlad,eventCount_noPolarity,0.1,10,0.2032967032967033
sunset1,night,patch,mixvpr,e2vid,0.1,10,0.146218487394958
sunset1,night,recon,mixvpr,"e2vid,eventCount,eventCount_noPolarity,timeSurface",1.0,10,0.3546218487394958
sunset1,night,patch,megaloc,eventCount_noPolarity,1.0,10,0.13277310924369748
sunset1,morning,recon,cosplace,"e2vid,eventCount,eventCount_noPolarity,timeSurface",0.1,10,0.8071065989847716
sunset1,morning,patch,netvlad,eventCount,0.5,10,0.8781725888324873
sunset1,night,vpr,"mixvpr,megaloc,cosplace,netvlad",eventCount_noPolarity,0.1,10,0.24201680672268908
sunset1,sunrise,patch,megaloc,eventCount,0.1,10,0.8172757475083057
sunset1,morning,time,mixvpr,eventCount_noPolarity,"0.1,0.25,0.5,1.0",10,0.856175972927242
sunset1,sunrise,vpr,"mixvpr,megaloc,cosplace,netvlad",eventCount_noPolarity,0.25,10,0.8654485049833887
sunset1,sunrise,patch,mixvpr,eventCount_noPolarity,1.0,10,0.8488372093023255
sunset1,sunrise,time,cosplace,e2vid,"0.1,0.25,0.5,1.0",10,0.8787375415282392
R0_RS0,R0_RN0,patch,cosplace,eventCount_noPolarity,1.0,10,0.17167381974248927
sunset1,night,patch,cosplace,eventCount,0.25,10,0.1411764705882353
sunset1,morning,vpr,"mixvpr,megaloc,cosplace,netvlad",timeSurface,0.5,10,0.8798646362098139
sunset1,morning,vpr,"mixvpr,megaloc,cosplace,netvlad",e2vid,1.0,10,0.8866328257191202
sunset1,sunset2,recon,cosplace,"e2vid,eventCount,eventCount_noPolarity,timeSurface",0.5,10,0.9699115044247788
sunset1,night,patch,netvlad,eventCount_noPolarity,0.5,10,0.07226890756302522
sunset1,morning,patch,mixvpr,timeSurface,1.0,10,0.8883248730964467
sunset1,sunset2,time,megaloc,e2vid,"0.1,0.25,0.5,1.0",10,0.9734513274336283
sunset1,morning,time,netvlad,e2vid,"0.1,0.25,0.5,1.0",10,0.8815566835871405
sunset1,sunset2,vpr,"mixvpr,megaloc,cosplace,netvlad",eventCount,0.5,10,0.9699115044247788
sunset1,sunset2,time,netvlad,eventCount,"0.1,0.25,0.5,1.0",10,0.968141592920354
R0_RS0,R0_RN0,patch,megaloc,eventCount_noPolarity,1.0,10,0.22746781115879827
sunset1,sunset2,patch,megaloc,eventCount_noPolarity,1.0,10,0.9699115044247788
sunset1,morning,patch,cosplace,e2vid,1.0,10,0.8341793570219966
sunset1,sunset2,patch,mixvpr,eventCount,1.0,10,0.9716814159292035
sunset1,night,patch,netvlad,e2vid,0.1,10,0.0773109243697479
sunset1,sunrise,recon,netvlad,"e2vid,eventCount,eventCount_noPolarity,timeSurface",0.5,10,0.8770764119601329
sunset1,morning,patch,megaloc,eventCount_noPolarity,0.25,10,0.8274111675126904
sunset1,sunrise,patch,megaloc,timeSurface,0.5,10,0.872093023255814
sunset1,sunrise,vpr,"mixvpr,megaloc,cosplace,netvlad",e2vid,0.25,10,0.8887043189368771
sunset1,night,patch,mixvpr,eventCount_noPolarity,0.25,10,0.12436974789915967
sunset1,sunset2,patch,megaloc,e2vid,0.25,10,0.9539823008849557
sunset1,night,patch,megaloc,e2vid,0.5,10,0.013445378151260505
sunset1,morning,patch,mixvpr,eventCount,0.25,10,0.871404399323181
sunset1,night,recon,netvlad,"e2vid,eventCount,eventCount_noPolarity,timeSurface",0.1,10,0.16806722689075632
sunset1,sunrise,patch,mixvpr,e2vid,0.5,10,0.8654485049833887
sunset1,sunrise,patch,cosplace,eventCount_noPolarity,0.25,10,0.7956810631229236
sunset1,morning,recon,cosplace,"e2vid,eventCount,eventCount_noPolarity,timeSurface",0.25,10,0.8578680203045685
sunset1,sunrise,patch,netvlad,e2vid,0.5,10,0.8637873754152824
sunset1,sunrise,patch,netvlad,timeSurface,0.1,10,0.8604651162790697
sunset1,night,patch,mixvpr,e2vid,0.25,10,0.13781512605042018
sunset1,night,vpr,"mixvpr,megaloc,cosplace,netvlad",eventCount_noPolarity,0.25,10,0.3142857142857143
sunset1,morning,patch,cosplace,timeSurface,0.1,10,0.8510998307952623
sunset1,morning,patch,netvlad,eventCount,1.0,10,0.8764805414551607
sunset1,sunrise,vpr,"mixvpr,megaloc,cosplace,netvlad",eventCount_noPolarity,0.5,10,0.8737541528239202
sunset1,sunrise,time,cosplace,eventCount,"0.1,0.25,0.5,1.0",10,0.8255813953488372
sunset1,morning,time,mixvpr,timeSurface,"0.1,0.25,0.5,1.0",10,0.883248730964467
sunset1,sunset2,patch,cosplace,eventCount,0.1,10,0.9539823008849557
sunset1,sunrise,patch,megaloc,eventCount,0.25,10,0.8687707641196013
sunset1,night,patch,megaloc,timeSurface,0.1,10,0.11932773109243698
sunset1,sunset2,recon,cosplace,"e2vid,eventCount,eventCount_noPolarity,timeSurface",1.0,10,0.9769911504424779
sunset1,morning,vpr,"mixvpr,megaloc,cosplace,netvlad",timeSurface,1.0,10,0.8967851099830795
sunset1,sunset2,vpr,"mixvpr,megaloc,cosplace,netvlad",eventCount,1.0,10,0.9752212389380531
sunset1,sunset2,time,megaloc,eventCount,"0.1,0.25,0.5,1.0",10,0.9628318584070796
R0_RS0,R0_RN0,patch,netvlad,e2vid,0.1,10,0.22210300429184548
sunset1,sunrise,recon,megaloc,"e2vid,eventCount,eventCount_noPolarity,timeSurface",0.1,10,0.8887043189368771
sunset1,daytime,vpr,"mixvpr,megaloc,cosplace,netvlad",e2vid,0.5,10,0.8078125
sunset1,morning,vpr,"mixvpr,megaloc,cosplace,netvlad",eventCount,0.1,10,0.8443316412859561
sunset1,daytime,recon,megaloc,"e2vid,eventCount,eventCount_noPolarity,timeSurface",0.5,10,0.8046875
sunset1,night,patch,cosplace,eventCount,0.5,10,0.12436974789915967
R0_RS0,R0_RN0,patch,netvlad,eventCount_noPolarity,0.5,10,0.15236051502145923
sunset1,sunset2,time,netvlad,eventCount_noPolarity,"0.1,0.25,0.5,1.0",10,0.968141592920354
sunset1,morning,time,netvlad,eventCount,"0.1,0.25,0.5,1.0",10,0.856175972927242
sunset1,sunset2,patch,cosplace,timeSurface,0.5,10,0.9734513274336283
sunset1,night,patch,netvlad,eventCount_noPolarity,1.0,10,0.05546218487394958
sunset1,sunrise,patch,mixvpr,timeSurface,0.1,10,0.872093023255814
sunset1,sunrise,recon,netvlad,"e2vid,eventCount,eventCount_noPolarity,timeSurface",1.0,10,0.8853820598006644
sunset1,sunrise,vpr,"mixvpr,megaloc,cosplace,netvlad",e2vid,0.5,10,0.8853820598006644
sunset1,sunset2,recon,mixvpr,"e2vid,eventCount,eventCount_noPolarity,timeSurface",0.1,10,0.968141592920354
sunset1,night,patch,netvlad,e2vid,0.25,10,0.04873949579831933
sunset1,morning,patch,megaloc,eventCount_noPolarity,0.5,10,0.8307952622673435
sunset1,sunrise,patch,megaloc,timeSurface,1.0,10,0.872093023255814
sunset1,daytime,vpr,"mixvpr,megaloc,cosplace,netvlad",timeSurface,0.1,10,0.796875
sunset1,night,patch,mixvpr,eventCount_noPolarity,0.5,10,0.16134453781512606
sunset1,morning,recon,cosplace,"e2vid,eventCount,eventCount_noPolarity,timeSurface",0.5,10,0.871404399323181
sunset1,sunset2,patch,megaloc,e2vid,0.5,10,0.9610619469026549
sunset1,night,recon,netvlad,"e2vid,eventCount,eventCount_noPolarity,timeSurface",0.25,10,0.18823529411764706
sunset1,night,patch,megaloc,e2vid,1.0,10,0.02857142857142857
sunset1,morning,patch,mixvpr,eventCount,0.5,10,0.8866328257191202
sunset1,sunset2,patch,netvlad,eventCount_noPolarity,0.1,10,0.968141592920354
sunset1,sunrise,patch,cosplace,eventCount_noPolarity,0.5,10,0.7973421926910299
sunset1,sunrise,patch,mixvpr,e2vid,1.0,10,0.8770764119601329
sunset1,sunrise,vpr,"mixvpr,megaloc,cosplace,netvlad",eventCount_noPolarity,1.0,10,0.8538205980066446
sunset1,sunrise,patch,netvlad,e2vid,1.0,10,0.8903654485049833
sunset1,sunset2,patch,mixvpr,eventCount_noPolarity,0.1,10,0.968141592920354
sunset1,sunrise,time,cosplace,eventCount_noPolarity,"0.1,0.25,0.5,1.0",10,0.8106312292358804
sunset1,morning,patch,megaloc,e2vid,0.1,10,0.8375634517766497
sunset1,morning,time,megaloc,e2vid,"0.1,0.25,0.5,1.0",10,0.8883248730964467
sunset1,sunrise,patch,netvlad,timeSurface,0.25,10,0.8770764119601329
sunset1,morning,patch,cosplace,timeSurface,0.25,10,0.871404399323181
sunset1,sunset2,time,megaloc,eventCount_noPolarity,"0.1,0.25,0.5,1.0",10,0.968141592920354
sunset1,sunset2,patch,cosplace,eventCount,0.25,10,0.9557522123893806
R0_RS0,R0_RN0,patch,netvlad,eventCount,0.1,10,0.2854077253218884
sunset1,daytime,vpr,"mixvpr,megaloc,cosplace,netvlad",e2vid,1.0,10,0.7640625
sunset1,morning,patch,cosplace,eventCount,0.1,10,0.7969543147208121
sunset1,sunset2,recon,netvlad,"e2vid,eventCount,eventCount_noPolarity,timeSurface",0.1,10,0.9716814159292035
sunset1,daytime,recon,megaloc,"e2vid,eventCount,eventCount_noPolarity,timeSurface",1.0,10,0.7796875
sunset1,sunset2,vpr,"mixvpr,megaloc,cosplace,netvlad",eventCount_noPolarity,0.1,10,0.968141592920354
sunset1,sunset2,time,netvlad,timeSurface,"0.1,0.25,0.5,1.0",10,0.9663716814159292
sunset1,morning,vpr,"mixvpr,megaloc,cosplace,netvlad",eventCount,0.25,10,0.8527918781725888
sunset1,night,patch,megaloc,timeSurface,0.25,10,0.20336134453781513
sunset1,sunrise,recon,megaloc,"e2vid,eventCount,eventCount_noPolarity,timeSurface",0.25,10,0.8903654485049833
sunset1,morning,recon,mixvpr,"e2vid,eventCount,eventCount_noPolarity,timeSurface",0.1,10,0.871404399323181
sunset1,sunrise,patch,megaloc,eventCount,0.5,10,0.8272425249169435
sunset1,daytime,time,cosplace,eventCount_noPolarity,"0.1,0.25,0.5,1.0",10,0.49375
sunset1,sunset2,patch,megaloc,timeSurface,0.1,10,0.9628318584070796
sunset1,sunrise,vpr,"mixvpr,megaloc,cosplace,netvlad",e2vid,1.0,10,0.893687707641196
sunset1,daytime,time,mixvpr,e2vid,"0.1,0.25,0.5,1.0",10,0.828125
sunset1,sunset2,patch,cosplace,timeSurface,1.0,10,0.9752212389380531
sunset1,night,patch,cosplace,eventCount,1.0,10,0.0957983193277311
sunset1,morning,time,netvlad,eventCount_noPolarity,"0.1,0.25,0.5,1.0",10,0.8324873096446701
sunset1,sunrise,time,mixvpr,e2vid,"0.1,0.25,0.5,1.0",10,0.8970099667774086
sunset1,sunrise,patch,mixvpr,timeSurface,0.25,10,0.8637873754152824
sunset1,daytime,vpr,"mixvpr,megaloc,cosplace,netvlad",timeSurface,0.25,10,0.8
sunset1,morning,recon,cosplace,"e2vid,eventCount,eventCount_noPolarity,timeSurface",1.0,10,0.8917089678510999
sunset1,morning,patch,megaloc,eventCount_noPolarity,1.0,10,0.8612521150592216
sunset1,night,patch,mixvpr,eventCount_noPolarity,1.0,10,0.12941176470588237
sunset1,sunset2,recon,mixvpr,"e2vid,eventCount,eventCount_noPolarity,timeSurface",0.25,10,0.9699115044247788
sunset1,night,patch,netvlad,e2vid,0.5,10,0.05042016806722689
sunset1,sunset2,patch,megaloc,e2vid,1.0,10,0.95929203539823
sunset1,sunrise,vpr,"mixvpr,megaloc,cosplace,netvlad",timeSurface,0.1,10,0.8837209302325582
sunset1,sunrise,time,cosplace,timeSurface,"0.1,0.25,0.5,1.0",10,0.8388704318936877
sunset1,morning,time,megaloc,eventCount,"0.1,0.25,0.5,1.0",10,0.8764805414551607
sunset1,morning,patch,mixvpr,eventCount,1.0,10,0.8950930626057529
sunset1,morning,patch,netvlad,eventCount_noPolarity,0.1,10,0.8527918781725888
sunset1,sunrise,patch,cosplace,eventCount_noPolarity,1.0,10,0.8056478405315615
sunset1,sunset2,patch,netvlad,eventCount_noPolarity,0.25,10,0.9646017699115044
sunset1,sunset2,time,megaloc,timeSurface,"0.1,0.25,0.5,1.0",10,0.9716814159292035
sunset1,sunset2,patch,mixvpr,eventCount_noPolarity,0.25,10,0.9646017699115044
sunset1,morning,patch,megaloc,e2vid,0.25,10,0.8477157360406091
sunset1,sunset2,recon,netvlad,"e2vid,eventCount,eventCount_noPolarity,timeSurface",0.25,10,0.968141592920354
sunset1,sunset2,vpr,"mixvpr,megaloc,cosplace,netvlad",eventCount_noPolarity,0.25,10,0.9716814159292035
sunset1,sunset2,patch,cosplace,eventCount,0.5,10,0.9716814159292035
sunset1,morning,patch,cosplace,timeSurface,0.5,10,0.8663282571912013
sunset1,sunrise,patch,mixvpr,eventCount,0.1,10,0.8621262458471761
sunset1,sunrise,recon,megaloc,"e2vid,eventCount,eventCount_noPolarity,timeSurface",0.5,10,0.8820598006644518
sunset1,sunrise,patch,netvlad,eventCount,0.1,10,0.8538205980066446
sunset1,morning,vpr,"mixvpr,megaloc,cosplace,netvlad",eventCount,0.5,10,0.8781725888324873
sunset1,morning,patch,cosplace,eventCount,0.25,10,0.8595600676818951
sunset1,morning,recon,mixvpr,"e2vid,eventCount,eventCount_noPolarity,timeSurface",0.25,10,0.8764805414551607
sunset1,sunrise,patch,netvlad,timeSurface,0.5,10,0.8654485049833887
sunset1,daytime,recon,cosplace,"e2vid,eventCount,eventCount_noPolarity,timeSurface",0.1,10,0.653125
sunset1,night,patch,megaloc,timeSurface,0.5,10,0.17647058823529413
sunset1,sunset2,patch,megaloc,timeSurface,0.25,10,0.968141592920354
sunset1,night,patch,megaloc,eventCount,0.1,10,0.16806722689075632
sunset1,sunrise,vpr,"mixvpr,megaloc,cosplace,netvlad",eventCount,0.1,10,0.867109634551495
sunset1,daytime,time,mixvpr,eventCount,"0.1,0.25,0.5,1.0",10,0.8078125
sunset1,daytime,time,cosplace,timeSurface,"0.1,0.25,0.5,1.0",10,0.6390625
sunset1,sunrise,patch,megaloc,eventCount,1.0,10,0.8355481727574751
sunset1,daytime,vpr,"mixvpr,megaloc,cosplace,netvlad",eventCount,0.1,10,0.7921875
sunset1,sunset2,patch,mixvpr,e2vid,0.1,10,0.9663716814159292
sunset1,morning,time,netvlad,timeSurface,"0.1,0.25,0.5,1.0",10,0.8595600676818951
sunset1,sunrise,time,mixvpr,eventCount,"0.1,0.25,0.5,1.0",10,0.8853820598006644
sunset1,daytime,patch,cosplace,e2vid,0.5,10,0.7140625
sunset1,daytime,vpr,"mixvpr,megaloc,cosplace,netvlad",timeSurface,0.5,10,0.7875
sunset1,sunrise,patch,cosplace,e2vid,0.1,10,0.8521594684385382
sunset1,daytime,patch,mixvpr,timeSurface,0.5,10,0.803125
sunset1,night,patch,netvlad,timeSurface,0.1,10,0.16470588235294117
sunset1,sunrise,vpr,"mixvpr,megaloc,cosplace,netvlad",timeSurface,0.25,10,0.8820598006644518
sunset1,sunset2,recon,mixvpr,"e2vid,eventCount,eventCount_noPolarity,timeSurface",0.5,10,0.9716814159292035
sunset1,night,patch,cosplace,eventCount_noPolarity,0.1,10,0.03697478991596639
sunset1,sunrise,time,netvlad,e2vid,"0.1,0.25,0.5,1.0",10,0.8737541528239202
sunset1,sunrise,patch,mixvpr,timeSurface,0.5,10,0.8737541528239202
sunset1,night,patch,netvlad,e2vid,1.0,10,0.043697478991596636
sunset1,sunset2,time,cosplace,e2vid,"0.1,0.25,0.5,1.0",10,0.9646017699115044
sunset1,sunset2,vpr,"mixvpr,megaloc,cosplace,netvlad",eventCount_noPolarity,0.5,10,0.9716814159292035
sunset1,sunset2,patch,netvlad,eventCount_noPolarity,0.5,10,0.968141592920354
sunset1,sunset2,recon,netvlad,"e2vid,eventCount,eventCount_noPolarity,timeSurface",0.5,10,0.9734513274336283
sunset1,sunset2,patch,mixvpr,eventCount_noPolarity,0.5,10,0.968141592920354
sunset1,sunrise,recon,megaloc,"e2vid,eventCount,eventCount_noPolarity,timeSurface",1.0,10,0.8903654485049833
sunset1,morning,patch,megaloc,timeSurface,0.1,10,0.8697123519458545
sunset1,morning,patch,megaloc,e2vid,0.5,10,0.8003384094754653
sunset1,sunrise,patch,cosplace,timeSurface,0.1,10,0.8222591362126246
sunset1,sunset2,patch,cosplace,eventCount,1.0,10,0.9734513274336283
sunset1,daytime,patch,cosplace,timeSurface,0.1,10,0.6046875
sunset1,morning,patch,netvlad,eventCount_noPolarity,0.25,10,0.8544839255499154
sunset1,morning,vpr,"mixvpr,megaloc,cosplace,netvlad",eventCount,1.0,10,0.8917089678510999
sunset1,daytime,recon,cosplace,"e2vid,eventCount,eventCount_noPolarity,timeSurface",0.25,10,0.6421875
sunset1,morning,patch,cosplace,timeSurface,1.0,10,0.8781725888324873
sunset1,daytime,patch,megaloc,eventCount_noPolarity,0.1,10,0.7234375
sunset1,sunset2,patch,netvlad,e2vid,0.1,10,0.9663716814159292
sunset1,sunrise,vpr,"mixvpr,megaloc,cosplace,netvlad",eventCount,0.25,10,0.8687707641196013
sunset1,morning,patch,mixvpr,eventCount_noPolarity,0.1,10,0.8663282571912013
sunset1,sunrise,patch,mixvpr,eventCount,0.25,10,0.8687707641196013
sunset1,morning,patch,cosplace,eventCount,0.5,10,0.8629441624365483
R0_RS0,R0_RN0,patch,netvlad,eventCount,0.25,10,0.30364806866952787
sunset1,sunrise,patch,netvlad,eventCount,0.25,10,0.845514950166113
sunset1,daytime,vpr,"mixvpr,megaloc,cosplace,netvlad",eventCount,0.25,10,0.7625
sunset1,sunrise,patch,netvlad,timeSurface,1.0,10,0.8820598006644518
sunset1,daytime,time,netvlad,e2vid,"0.1,0.25,0.5,1.0",10,0.7453125
sunset1,sunset2,patch,megaloc,timeSurface,0.5,10,0.9699115044247788
sunset1,night,patch,megaloc,timeSurface,1.0,10,0.14789915966386555
sunset1,daytime,time,mixvpr,eventCount_noPolarity,"0.1,0.25,0.5,1.0",10,0.6640625
sunset1,sunrise,time,mixvpr,eventCount_noPolarity,"0.1,0.25,0.5,1.0",10,0.8637873754152824
sunset1,daytime,vpr,"mixvpr,megaloc,cosplace,netvlad",timeSurface,1.0,10,0.8046875
sunset1,sunset2,patch,mixvpr,e2vid,0.25,10,0.9699115044247788
sunset1,sunset2,patch,megaloc,eventCount,0.1,10,0.9716814159292035
sunset1,night,patch,megaloc,eventCount,0.25,10,0.23361344537815126
sunset1,daytime,patch,netvlad,eventCount,0.5,10,0.69375
sunset1,daytime,patch,cosplace,e2vid,1.0,10,0.659375
sunset1,sunrise,vpr,"mixvpr,megaloc,cosplace,netvlad",timeSurface,0.5,10,0.8903654485049833
sunset1,night,patch,netvlad,timeSurface,0.25,10,0.1495798319327731
sunset1,sunset2,recon,mixvpr,"e2vid,eventCount,eventCount_noPolarity,timeSurface",1.0,10,0.9769911504424779
sunset1,sunrise,time,netvlad,eventCount,"0.1,0.25,0.5,1.0",10,0.8488372093023255
sunset1,sunrise,patch,cosplace,e2vid,0.25,10,0.8571428571428571
sunset1,sunrise,patch,megaloc,eventCount_noPolarity,0.1,10,0.7691029900332226
sunset1,sunset2,time,cosplace,eventCount,"0.1,0.25,0.5,1.0",10,0.9646017699115044
sunset1,daytime,patch,mixvpr,eventCount,0.1,10,0.7390625
sunset1,sunrise,patch,mixvpr,timeSurface,1.0,10,0.8787375415282392
sunset1,daytime,patch,mixvpr,timeSurface,1.0,10,0.7734375
sunset1,sunset2,vpr,"mixvpr,megaloc,cosplace,netvlad",eventCount_noPolarity,1.0,10,0.9769911504424779
sunset1,sunset2,recon,netvlad,"e2vid,eventCount,eventCount_noPolarity,timeSurface",1.0,10,0.9769911504424779
sunset1,night,patch,cosplace,eventCount_noPolarity,0.25,10,0.07226890756302522
sunset1,sunset2,patch,netvlad,eventCount_noPolarity,1.0,10,0.968141592920354
sunset1,sunrise,recon,cosplace,"e2vid,eventCount,eventCount_noPolarity,timeSurface",0.1,10,0.8355481727574751
sunset1,daytime,recon,cosplace,"e2vid,eventCount,eventCount_noPolarity,timeSurface",0.5,10,0.6609375
sunset1,sunset2,patch,mixvpr,eventCount_noPolarity,1.0,10,0.9734513274336283
sunset1,morning,patch,megaloc,e2vid,1.0,10,0.7783417935702199
sunset1,morning,patch,megaloc,timeSurface,0.25,10,0.8917089678510999
sunset1,daytime,vpr,"mixvpr,megaloc,cosplace,netvlad",eventCount,0.5,10,0.7359375
sunset1,morning,patch,netvlad,eventCount_noPolarity,0.5,10,0.8697123519458545
sunset1,sunrise,patch,cosplace,timeSurface,0.25,10,0.8421926910299004
sunset1,sunrise,patch,mixvpr,eventCount,0.5,10,0.8538205980066446
sunset1,morning,patch,cosplace,eventCount,1.0,10,0.8781725888324873
sunset1,daytime,time,netvlad,eventCount,"0.1,0.25,0.5,1.0",10,0.696875
sunset1,daytime,patch,cosplace,timeSurface,0.25,10,0.628125
sunset1,morning,patch,mixvpr,eventCount_noPolarity,0.25,10,0.8494077834179357
sunset1,sunset2,patch,netvlad,e2vid,0.25,10,0.968141592920354
sunset1,sunrise,patch,netvlad,eventCount,0.5,10,0.8421926910299004
sunset1,sunset2,patch,megaloc,timeSurface,1.0,10,0.9734513274336283
sunset1,daytime,time,mixvpr,timeSurface,"0.1,0.25,0.5,1.0",10,0.8125
sunset1,sunrise,time,mixvpr,timeSurface,"0.1,0.25,0.5,1.0",10,0.8920265780730897
sunset1,sunset2,patch,cosplace,eventCount_noPolarity,0.1,10,0.9646017699115044
sunset1,daytime,recon,mixvpr,"e2vid,eventCount,eventCount_noPolarity,timeSurface",0.1,10,0.825
sunset1,daytime,patch,megaloc,eventCount_noPolarity,0.25,10,0.6984375
sunset1,sunrise,vpr,"mixvpr,megaloc,cosplace,netvlad",timeSurface,1.0,10,0.8953488372093024
sunset1,sunset2,patch,mixvpr,e2vid,0.5,10,0.9699115044247788
sunset1,sunset2,patch,megaloc,eventCount,0.25,10,0.9734513274336283
sunset1,daytime,patch,netvlad,eventCount,1.0,10,0.6640625
sunset1,sunset2,time,cosplace,eventCount_noPolarity,"0.1,0.25,0.5,1.0",10,0.9716814159292035
sunset1,sunrise,patch,cosplace,e2vid,0.5,10,0.8322259136212624
sunset1,sunset2,time,mixvpr,e2vid,"0.1,0.25,0.5,1.0",10,0.9752212389380531
sunset1,sunrise,patch,megaloc,eventCount_noPolarity,0.25,10,0.8239202657807309
sunset1,morning,patch,netvlad,e2vid,0.1,10,0.8917089678510999
sunset1,daytime,recon,cosplace,"e2vid,eventCount,eventCount_noPolarity,timeSurface",1.0,10,0.6703125
sunset1,sunrise,recon,cosplace,"e2vid,eventCount,eventCount_noPolarity,timeSurface",0.25,10,0.8521594684385382
sunset1,daytime,vpr,"mixvpr,megaloc,cosplace,netvlad",eventCount,1.0,10,0.7234375
sunset1,sunrise,patch,megaloc,e2vid,0.1,10,0.8554817275747508
sunset1,daytime,patch,mixvpr,eventCount,0.25,10,0.7578125
sunset1,daytime,patch,cosplace,eventCount,0.1,10,0.5703125
sunset1,morning,patch,netvlad,eventCount_noPolarity,1.0,10,0.8595600676818951
sunset1,daytime,time,netvlad,eventCount_noPolarity,"0.1,0.25,0.5,1.0",10,0.6375
sunset1,sunset2,vpr,"mixvpr,megaloc,cosplace,netvlad",e2vid,0.1,10,0.9716814159292035
sunset1,sunset2,patch,mixvpr,timeSurface,0.1,10,0.9663716814159292
sunset1,sunrise,patch,mixvpr,eventCount,1.0,10,0.8637873754152824
sunset1,sunrise,patch,cosplace,timeSurface,0.5,10,0.845514950166113
R0_RS0,R0_RN0,patch,megaloc,timeSurface,0.1,10,0.27896995708154504
sunset1,sunset2,patch,netvlad,e2vid,0.5,10,0.9734513274336283
sunset1,daytime,patch,cosplace,timeSurface,0.5,10,0.68125
sunset1,daytime,recon,mixvpr,"e2vid,eventCount,eventCount_noPolarity,timeSurface",0.25,10,0.815625
sunset1,sunrise,patch,netvlad,eventCount,1.0,10,0.8156146179401993
sunset1,daytime,patch,megaloc,e2vid,0.1,10,0.6890625
sunset1,daytime,time,megaloc,e2vid,"0.1,0.25,0.5,1.0",10,0.7984375
sunset1,sunset2,patch,cosplace,eventCount_noPolarity,0.25,10,0.9734513274336283
sunset1,sunset2,patch,mixvpr,e2vid,1.0,10,0.9716814159292035
sunset1,sunset2,patch,megaloc,eventCount,0.5,10,0.9646017699115044
sunset1,sunset2,time,cosplace,timeSurface,"0.1,0.25,0.5,1.0",10,0.9699115044247788
sunset1,daytime,patch,megaloc,eventCount_noPolarity,0.5,10,0.6078125
sunset1,sunset2,patch,netvlad,timeSurface,0.1,10,0.968141592920354
sunset1,sunset2,time,mixvpr,eventCount,"0.1,0.25,0.5,1.0",10,0.9699115044247788
sunset1,sunrise,patch,cosplace,e2vid,1.0,10,0.8222591362126246
sunset1,sunrise,patch,megaloc,eventCount_noPolarity,0.5,10,0.8122923588039868
sunset1,daytime,patch,netvlad,eventCount_noPolarity,0.1,10,0.7125
sunset1,daytime,recon,netvlad,"e2vid,eventCount,eventCount_noPolarity,timeSurface",0.1,10,0.7265625
sunset1,morning,patch,netvlad,e2vid,0.25,10,0.871404399323181
sunset1,sunset2,patch,cosplace,e2vid,0.1,10,0.9610619469026549
sunset1,sunset2,vpr,"mixvpr,megaloc,cosplace,netvlad",timeSurface,0.1,10,0.9699115044247788
sunset1,daytime,vpr,"mixvpr,megaloc,cosplace,netvlad",eventCount_noPolarity,0.1,10,0.703125
sunset1,daytime,time,netvlad,timeSurface,"0.1,0.25,0.5,1.0",10,0.7390625
sunset1,sunrise,patch,megaloc,e2vid,0.25,10,0.8355481727574751
sunset1,sunset2,vpr,"mixvpr,megaloc,cosplace,netvlad",e2vid,0.25,10,0.9716814159292035
sunset1,daytime,patch,mixvpr,eventCount,0.5,10,0.75625
sunset1,sunset2,patch,mixvpr,timeSurface,0.25,10,0.9699115044247788
sunset1,daytime,patch,cosplace,eventCount,0.25,10,0.6171875
sunset1,daytime,recon,mixvpr,"e2vid,eventCount,eventCount_noPolarity,timeSurface",0.5,10,0.8046875
sunset1,sunset2,patch,netvlad,e2vid,1.0,10,0.9734513274336283
sunset1,sunrise,patch,cosplace,timeSurface,1.0,10,0.8438538205980066
sunset1,daytime,time,megaloc,eventCount,"0.1,0.25,0.5,1.0",10,0.796875
sunset1,daytime,patch,cosplace,timeSurface,1.0,10,0.65
sunset1,sunset2,patch,cosplace,eventCount_noPolarity,0.5,10,0.9716814159292035
sunset1,sunset2,patch,megaloc,eventCount,1.0,10,0.9663716814159292
sunset1,sunrise,patch,netvlad,eventCount_noPolarity,0.1,10,0.8372093023255814
sunset1,sunset2,recon,megaloc,"e2vid,eventCount,eventCount_noPolarity,timeSurface",0.1,10,0.968141592920354
sunset1,sunset2,patch,netvlad,timeSurface,0.25,10,0.968141592920354
sunset1,daytime,patch,megaloc,eventCount_noPolarity,1.0,10,0.4828125
sunset1,daytime,patch,megaloc,e2vid,0.25,10,0.6328125
sunset1,sunset2,patch,mixvpr,eventCount,0.1,10,0.968141592920354
sunset1,daytime,recon,netvlad,"e2vid,eventCount,eventCount_noPolarity,timeSurface",0.25,10,0.7484375
sunset1,sunrise,patch,megaloc,eventCount_noPolarity,1.0,10,0.8239202657807309
sunset1,daytime,patch,netvlad,eventCount_noPolarity,0.25,10,0.7046875
sunset1,sunset2,vpr,"mixvpr,megaloc,cosplace,netvlad",timeSurface,0.25,10,0.968141592920354
sunset1,daytime,vpr,"mixvpr,megaloc,cosplace,netvlad",eventCount_noPolarity,0.25,10,0.71875
sunset1,sunset2,patch,cosplace,e2vid,0.25,10,0.968141592920354
sunset1,sunset2,vpr,"mixvpr,megaloc,cosplace,netvlad",e2vid,0.5,10,0.9716814159292035
sunset1,daytime,recon,mixvpr,"e2vid,eventCount,eventCount_noPolarity,timeSurface",1.0,10,0.825
R0_FN0,R0_FS0,patch,netvlad,eventCount_noPolarity,0.25,10,0.2
sunset1,daytime,patch,mixvpr,eventCount,1.0,10,0.625
sunset1,daytime,time,megaloc,eventCount_noPolarity,"0.1,0.25,0.5,1.0",10,0.7171875
sunset1,sunset2,patch,mixvpr,timeSurface,0.5,10,0.968141592920354
sunset1,daytime,patch,cosplace,eventCount,0.5,10,0.5828125
sunset1,sunset2,patch,cosplace,eventCount_noPolarity,1.0,10,0.9699115044247788
sunset1,sunset2,recon,megaloc,"e2vid,eventCount,eventCount_noPolarity,timeSurface",0.25,10,0.9734513274336283
sunset1,daytime,patch,mixvpr,e2vid,0.1,10,0.8265625
R0_FN0,R0_FS0,patch,netvlad,eventCount,0.1,10,0.2714285714285714
sunset1,sunset2,patch,netvlad,timeSurface,0.5,10,0.9752212389380531
sunset1,sunrise,patch,netvlad,eventCount_noPolarity,0.25,10,0.8305647840531561
sunset1,daytime,recon,netvlad,"e2vid,eventCount,eventCount_noPolarity,timeSurface",0.5,10,0.7515625
sunset1,sunset2,patch,mixvpr,eventCount,0.25,10,0.9716814159292035
sunset1,daytime,vpr,"mixvpr,megaloc,cosplace,netvlad",eventCount_noPolarity,0.5,10,0.6515625
sunset1,daytime,patch,megaloc,e2vid,0.5,10,0.596875
sunset1,sunrise,patch,cosplace,eventCount,0.1,10,0.8039867109634552
sunset1,sunset2,vpr,"mixvpr,megaloc,cosplace,netvlad",e2vid,1.0,10,0.9752212389380531
sunset1,daytime,patch,netvlad,eventCount_noPolarity,0.5,10,0.5875
sunset1,daytime,patch,netvlad,e2vid,0.1,10,0.753125
sunset1,sunset2,patch,cosplace,e2vid,0.5,10,0.9663716814159292
sunset1,sunset2,patch,megaloc,eventCount_noPolarity,0.1,10,0.968141592920354
sunset1,sunset2,patch,netvlad,eventCount,0.1,10,0.9663716814159292
sunset1,daytime,recon,megaloc,"e2vid,eventCount,eventCount_noPolarity,timeSurface",0.1,10,0.8015625
sunset1,daytime,time,megaloc,timeSurface,"0.1,0.25,0.5,1.0",10,0.81875
sunset1,daytime,patch,megaloc,timeSurface,0.1,10,0.7921875
sunset1,sunset2,patch,mixvpr,timeSurface,1.0,10,0.9734513274336283
sunset1,daytime,patch,cosplace,eventCount,1.0,10,0.5046875
sunset1,sunset2,recon,megaloc,"e2vid,eventCount,eventCount_noPolarity,timeSurface",0.5,10,0.9663716814159292
sunset1,daytime,recon,netvlad,"e2vid,eventCount,eventCount_noPolarity,timeSurface",1.0,10,0.7390625
sunset1,sunset2,patch,netvlad,timeSurface,1.0,10,0.9769911504424779
sunset1,daytime,patch,mixvpr,e2vid,0.25,10,0.825
sunset1,daytime,vpr,"mixvpr,megaloc,cosplace,netvlad",eventCount_noPolarity,1.0,10,0.6109375
sunset1,sunset2,patch,cosplace,timeSurface,0.1,10,0.9716814159292035
sunset1,daytime,patch,netvlad,eventCount_noPolarity,1.0,10,0.4640625
sunset1,daytime,patch,megaloc,e2vid,1.0,10,0.4421875
sunset1,sunset2,patch,cosplace,e2vid,1.0,10,0.9716814159292035
sunset1,sunrise,patch,cosplace,eventCount,0.25,10,0.7740863787375415
sunset1,daytime,patch,netvlad,e2vid,0.25,10,0.7640625
sunset1,daytime,recon,megaloc,"e2vid,eventCount,eventCount_noPolarity,timeSurface",0.25,10,0.7953125
sunset1,sunset2,patch,netvlad,eventCount,0.25,10,0.9716814159292035
sunset1,daytime,time,cosplace,e2vid,"0.1,0.25,0.5,1.0",10,0.721875
sunset1,sunset2,patch,megaloc,eventCount_noPolarity,0.25,10,0.9699115044247788
sunset1,sunset2,recon,megaloc,"e2vid,eventCount,eventCount_noPolarity,timeSurface",1.0,10,0.968141592920354
sunset1,daytime,patch,megaloc,timeSurface,0.25,10,0.803125
sunset1,daytime,patch,mixvpr,e2vid,0.5,10,0.8171875
sunset1,daytime,patch,cosplace,eventCount_noPolarity,0.1,10,0.48125
sunset1,daytime,vpr,"mixvpr,megaloc,cosplace,netvlad",e2vid,0.1,10,0.8046875
sunset1,sunset2,patch,cosplace,timeSurface,0.25,10,0.9628318584070796
sunset1,daytime,patch,mixvpr,eventCount_noPolarity,0.1,10,0.6875
sunset1,sunset2,patch,netvlad,eventCount,0.5,10,0.9752212389380531
sunset1,daytime,time,cosplace,eventCount,"0.1,0.25,0.5,1.0",10,0.6515625
sunset1,daytime,patch,netvlad,e2vid,0.5,10,0.7546875
sunset1,daytime,patch,megaloc,timeSurface,0.5,10,0.7734375
sunset1,daytime,patch,megaloc,eventCount,0.1,10,0.7640625
sunset1,daytime,patch,netvlad,timeSurface,0.1,10,0.721875
sunset1,daytime,patch,mixvpr,e2vid,1.0,10,0.815625
sunset1,daytime,vpr,"mixvpr,megaloc,cosplace,netvlad",e2vid,0.25,10,0.79375
sunset1,daytime,patch,cosplace,eventCount_noPolarity,0.25,10,0.4
sunset1,sunset2,patch,netvlad,eventCount,1.0,10,0.9699115044247788
sunset1,daytime,patch,netvlad,e2vid,1.0,10,0.678125
sunset1,daytime,patch,mixvpr,eventCount_noPolarity,0.25,10,0.6609375
sunset1,daytime,patch,megaloc,timeSurface,1.0,10,0.7890625
sunset1,daytime,patch,megaloc,eventCount,0.25,10,0.778125
sunset1,daytime,patch,netvlad,timeSurface,0.25,10,0.7078125
sunset1,daytime,patch,cosplace,eventCount_noPolarity,0.5,10,0.3828125
sunset1,daytime,patch,mixvpr,eventCount_noPolarity,0.5,10,0.5921875
sunset1,daytime,patch,netvlad,eventCount,0.1,10,0.6765625
sunset1,daytime,patch,netvlad,timeSurface,0.5,10,0.75
sunset1,daytime,patch,megaloc,eventCount,0.5,10,0.715625
sunset1,daytime,patch,cosplace,eventCount_noPolarity,1.0,10,0.35625
sunset1,daytime,patch,cosplace,e2vid,0.1,10,0.74375
sunset1,daytime,patch,mixvpr,eventCount_noPolarity,1.0,10,0.4640625
sunset1,daytime,patch,netvlad,timeSurface,1.0,10,0.746875
sunset1,daytime,patch,netvlad,eventCount,0.25,10,0.690625
sunset1,daytime,patch,megaloc,eventCount,1.0,10,0.59375
sunset1,daytime,patch,cosplace,e2vid,0.25,10,0.7265625
sunset1,daytime,patch,mixvpr,timeSurface,0.1,10,0.74375
sunset1,daytime,patch,mixvpr,timeSurface,0.25,10,0.7625
